-- phpMyAdmin SQL Dump
-- version 5.0.4
-- https://www.phpmyadmin.net/
--
-- Host: 127.0.0.1
-- Generation Time: Mar 08, 2021 at 05:09 PM
-- Server version: 10.4.17-MariaDB
-- PHP Version: 8.0.2

SET SQL_MODE = "NO_AUTO_VALUE_ON_ZERO";
START TRANSACTION;
SET time_zone = "+00:00";


/*!40101 SET @OLD_CHARACTER_SET_CLIENT=@@CHARACTER_SET_CLIENT */;
/*!40101 SET @OLD_CHARACTER_SET_RESULTS=@@CHARACTER_SET_RESULTS */;
/*!40101 SET @OLD_COLLATION_CONNECTION=@@COLLATION_CONNECTION */;
/*!40101 SET NAMES utf8mb4 */;

--
-- Database: `data_equipments`
--

-- --------------------------------------------------------

--
-- Table structure for table `tblcircuit`
--

CREATE TABLE `tblcircuit` (
  `CircuitID` int(2) DEFAULT NULL,
  `Circuit` varchar(9) DEFAULT NULL,
  `State` varchar(10) DEFAULT NULL,
  `Abbreviation` varchar(13) DEFAULT NULL,
  `IdeaRunRate` double DEFAULT NULL,
  `ShiftLength` int(3) DEFAULT NULL,
  `IdealLbsPerShift` double DEFAULT NULL,
  `IdealQualityRatePerShift` double DEFAULT NULL
) ENGINE=InnoDB DEFAULT CHARSET=utf8;

--
-- Dumping data for table `tblcircuit`
--

INSERT INTO `tblcircuit` (`CircuitID`, `Circuit`, `State`, `Abbreviation`, `IdeaRunRate`, `ShiftLength`, `IdealLbsPerShift`, `IdealQualityRatePerShift`) VALUES
(1, 'Circuit1', 'Washington', 'Grinding', 116.0483, 720, 0, 0),
(2, 'Circuit2', 'Georgia', '', 0, 720, 0, 0),
(3, 'Circuit3', 'California', 'Leaching', 30.024, 720, 21617, 21617),
(4, 'Circuit4', 'New Jersey', 'M/V', 0, 720, 0, 0),
(5, 'Circuit5', 'Ohio', 'Moly', 16.65, 720, 11988, 11988),
(6, 'Circuit6', 'Alaska', '', 0, 720, 0, 0),
(7, 'Circuit7', 'Texas', 'Pyro Drying', 198.8, 720, 143136, 143136),
(8, 'Circuit8', 'Arizona', 'Pyro Roasting', 266.667, 720, 192000, 192000),
(9, 'Circuit9', 'Michigan', 'Roasting', 295, 720, 212400, 212400),
(10, 'Circuit10', 'Illinois', 'Solvent', 0, 720, 0, 0),
(11, 'Circuit11', 'Minnesota', 'Strong', 0, 720, 0, 0),
(12, 'Circuit12', 'Florida', '', 0, 720, 0, 0),
(13, 'Circuit13', 'New York', 'Vanadium', 9.662342, 720, 6956.886, 6956.886);

-- --------------------------------------------------------

--
-- Table structure for table `tblequipment`
--

CREATE TABLE `tblequipment` (
  `Equipment` varchar(14) DEFAULT NULL,
  `EquipmentName` varchar(17) DEFAULT NULL,
  `Circuit` varchar(13) DEFAULT NULL,
  `CircuitID` int(2) DEFAULT NULL,
  `EquipmentID` int(4) DEFAULT NULL
) ENGINE=InnoDB DEFAULT CHARSET=utf8;

--
-- Dumping data for table `tblequipment`
--

INSERT INTO `tblequipment` (`Equipment`, `EquipmentName`, `Circuit`, `CircuitID`, `EquipmentID`) VALUES
('Equipment#1', 'EquipmentName1', 'Pyro Drying', 7, 1),
('Equipment#2', 'EquipmentName2', 'Pyro Drying', 7, 2),
('Equipment#3', 'EquipmentName3', 'Pyro Drying', 7, 3),
('Equipment#4', 'EquipmentName4', 'Pyro Drying', 7, 4),
('Equipment#5', 'EquipmentName5', 'Pyro Drying', 7, 5),
('Equipment#6', 'EquipmentName6', 'Pyro Drying', 7, 6),
('Equipment#7', 'EquipmentName7', 'Pyro Drying', 7, 7),
('Equipment#8', 'EquipmentName8', 'Pyro Drying', 7, 8),
('Equipment#9', 'EquipmentName9', 'Pyro Drying', 7, 9),
('Equipment#10', 'EquipmentName10', 'Pyro Drying', 7, 10),
('Equipment#11', 'EquipmentName11', 'Pyro Drying', 7, 11),
('Equipment#12', 'EquipmentName12', 'Pyro Drying', 7, 12),
('Equipment#13', 'EquipmentName13', 'Pyro Drying', 7, 13),
('Equipment#14', 'EquipmentName14', 'Pyro Drying', 7, 14),
('Equipment#15', 'EquipmentName15', 'Pyro Drying', 7, 15),
('Equipment#16', 'EquipmentName16', 'Pyro Drying', 7, 16),
('Equipment#17', 'EquipmentName17', 'Pyro Drying', 7, 17),
('Equipment#18', 'EquipmentName18', 'Pyro Drying', 7, 18),
('Equipment#19', 'EquipmentName19', 'Pyro Drying', 7, 19),
('Equipment#20', 'EquipmentName20', 'Pyro Drying', 7, 20),
('Equipment#21', 'EquipmentName21', 'Pyro Drying', 7, 21),
('Equipment#22', 'EquipmentName22', 'Pyro Drying', 7, 22),
('Equipment#23', 'EquipmentName23', 'Pyro Drying', 7, 23),
('Equipment#24', 'EquipmentName24', 'Pyro Drying', 7, 24),
('Equipment#25', 'EquipmentName25', 'Pyro Drying', 7, 25),
('Equipment#26', 'EquipmentName26', 'Pyro Drying', 7, 26),
('Equipment#27', 'EquipmentName27', 'Pyro Drying', 7, 27),
('Equipment#28', 'EquipmentName28', 'Pyro Drying', 7, 28),
('Equipment#29', 'EquipmentName29', 'Pyro Drying', 7, 29),
('Equipment#30', 'EquipmentName30', 'Pyro Drying', 7, 30),
('Equipment#31', 'EquipmentName31', 'Pyro Drying', 7, 31),
('Equipment#32', 'EquipmentName32', 'Pyro Drying', 7, 32),
('Equipment#33', 'EquipmentName33', 'Pyro Drying', 7, 33),
('Equipment#34', 'EquipmentName34', 'Pyro Drying', 7, 34),
('Equipment#35', 'EquipmentName35', 'Pyro Drying', 7, 35),
('Equipment#36', 'EquipmentName36', 'Pyro Drying', 7, 36),
('Equipment#37', 'EquipmentName37', 'Pyro Drying', 7, 37),
('Equipment#38', 'EquipmentName38', 'Pyro Drying', 7, 38),
('Equipment#39', 'EquipmentName39', 'Pyro Drying', 7, 39),
('Equipment#40', 'EquipmentName40', 'Pyro Drying', 7, 40),
('Equipment#41', 'EquipmentName41', 'Pyro Drying', 7, 41),
('Equipment#42', 'EquipmentName42', 'Pyro Drying', 7, 42),
('Equipment#43', 'EquipmentName43', 'Pyro Drying', 7, 43),
('Equipment#44', 'EquipmentName44', 'Pyro Drying', 7, 44),
('Equipment#45', 'EquipmentName45', 'Pyro Drying', 7, 45),
('Equipment#46', 'EquipmentName46', 'Pyro Drying', 7, 46),
('Equipment#47', 'EquipmentName47', 'Pyro Drying', 7, 47),
('Equipment#48', 'EquipmentName48', 'Pyro Drying', 7, 48),
('Equipment#49', 'EquipmentName49', 'Pyro Drying', 7, 49),
('Equipment#50', 'EquipmentName50', 'Pyro Drying', 7, 50),
('Equipment#51', 'EquipmentName51', 'Pyro Roasting', 8, 51),
('Equipment#52', 'EquipmentName52', 'Pyro Roasting', 8, 52),
('Equipment#53', 'EquipmentName53', 'Pyro Roasting', 8, 53),
('Equipment#54', 'EquipmentName54', 'Pyro Roasting', 8, 54),
('Equipment#55', 'EquipmentName55', 'Pyro Roasting', 8, 55),
('Equipment#56', 'EquipmentName56', 'Pyro Roasting', 8, 56),
('Equipment#57', 'EquipmentName57', 'Pyro Roasting', 8, 57),
('Equipment#58', 'EquipmentName58', 'Pyro Roasting', 8, 58),
('Equipment#59', 'EquipmentName59', 'Pyro Roasting', 8, 59),
('Equipment#60', 'EquipmentName60', 'Pyro Roasting', 8, 60),
('Equipment#61', 'EquipmentName61', 'Pyro Roasting', 8, 61),
('Equipment#62', 'EquipmentName62', 'Pyro Roasting', 8, 62),
('Equipment#63', 'EquipmentName63', 'Pyro Roasting', 8, 63),
('Equipment#64', 'EquipmentName64', 'Pyro Roasting', 8, 64),
('Equipment#65', 'EquipmentName65', 'Pyro Roasting', 8, 65),
('Equipment#66', 'EquipmentName66', 'Pyro Roasting', 8, 66),
('Equipment#67', 'EquipmentName67', 'Pyro Roasting', 8, 67),
('Equipment#68', 'EquipmentName68', 'Pyro Roasting', 8, 68),
('Equipment#69', 'EquipmentName69', 'Pyro Roasting', 8, 69),
('Equipment#70', 'EquipmentName70', 'Pyro Roasting', 8, 70),
('Equipment#71', 'EquipmentName71', 'Pyro Roasting', 8, 71),
('Equipment#72', 'EquipmentName72', 'Pyro Roasting', 8, 72),
('Equipment#73', 'EquipmentName73', 'Pyro Roasting', 8, 73),
('Equipment#74', 'EquipmentName74', 'Pyro Roasting', 8, 74),
('Equipment#75', 'EquipmentName75', 'Pyro Roasting', 8, 75),
('Equipment#76', 'EquipmentName76', 'Pyro Roasting', 8, 76),
('Equipment#77', 'EquipmentName77', 'Pyro Roasting', 8, 77),
('Equipment#78', 'EquipmentName78', 'Pyro Roasting', 8, 78),
('Equipment#79', 'EquipmentName79', 'Pyro Roasting', 8, 79),
('Equipment#80', 'EquipmentName80', 'Pyro Roasting', 8, 80),
('Equipment#81', 'EquipmentName81', 'Pyro Roasting', 8, 81),
('Equipment#82', 'EquipmentName82', 'Pyro Roasting', 8, 82),
('Equipment#83', 'EquipmentName83', 'Pyro Roasting', 8, 83),
('Equipment#84', 'EquipmentName84', 'Pyro Roasting', 8, 84),
('Equipment#85', 'EquipmentName85', 'Pyro Roasting', 8, 85),
('Equipment#86', 'EquipmentName86', 'Pyro Roasting', 8, 86),
('Equipment#87', 'EquipmentName87', 'Pyro Roasting', 8, 87),
('Equipment#88', 'EquipmentName88', 'Pyro Roasting', 8, 88),
('Equipment#89', 'EquipmentName89', 'Pyro Roasting', 8, 89),
('Equipment#90', 'EquipmentName90', 'Pyro Roasting', 8, 90),
('Equipment#91', 'EquipmentName91', 'Pyro Roasting', 8, 91),
('Equipment#92', 'EquipmentName92', 'Pyro Roasting', 8, 92),
('Equipment#93', 'EquipmentName93', 'Pyro Roasting', 8, 93),
('Equipment#94', 'EquipmentName94', 'Pyro Roasting', 8, 94),
('Equipment#95', 'EquipmentName95', 'Pyro Roasting', 8, 95),
('Equipment#96', 'EquipmentName96', 'Pyro Roasting', 8, 96),
('Equipment#97', 'EquipmentName97', 'Pyro Roasting', 8, 97),
('Equipment#98', 'EquipmentName98', 'Pyro Roasting', 8, 98),
('Equipment#99', 'EquipmentName99', 'Pyro Roasting', 8, 99),
('Equipment#100', 'EquipmentName100', 'Pyro Roasting', 8, 100),
('Equipment#101', 'EquipmentName101', 'Pyro Roasting', 8, 101),
('Equipment#102', 'EquipmentName102', 'Pyro Roasting', 8, 102),
('Equipment#103', 'EquipmentName103', 'Pyro Roasting', 8, 103),
('Equipment#104', 'EquipmentName104', 'Pyro Roasting', 8, 104),
('Equipment#105', 'EquipmentName105', 'Pyro Roasting', 8, 105),
('Equipment#106', 'EquipmentName106', 'Pyro Roasting', 8, 106),
('Equipment#107', 'EquipmentName107', 'Pyro Roasting', 8, 107),
('Equipment#108', 'EquipmentName108', 'Pyro Roasting', 8, 108),
('Equipment#109', 'EquipmentName109', 'Pyro Roasting', 8, 109),
('Equipment#110', 'EquipmentName110', 'Pyro Roasting', 8, 110),
('Equipment#111', 'EquipmentName111', 'Pyro Roasting', 8, 111),
('Equipment#112', 'EquipmentName112', 'Pyro Roasting', 8, 112),
('Equipment#113', 'EquipmentName113', 'Pyro Roasting', 8, 113),
('Equipment#114', 'EquipmentName114', 'Pyro Roasting', 8, 114),
('Equipment#115', 'EquipmentName115', 'Pyro Roasting', 8, 115),
('Equipment#116', 'EquipmentName116', 'Pyro Roasting', 8, 116),
('Equipment#117', 'EquipmentName117', 'Pyro Roasting', 8, 117),
('Equipment#118', 'EquipmentName118', 'Pyro Roasting', 8, 118),
('Equipment#119', 'EquipmentName119', 'Pyro Roasting', 8, 119),
('Equipment#120', 'EquipmentName120', 'Pyro Roasting', 8, 120),
('Equipment#121', 'EquipmentName121', 'Pyro Roasting', 8, 121),
('Equipment#122', 'EquipmentName122', 'Pyro Roasting', 8, 122),
('Equipment#123', 'EquipmentName123', 'Pyro Roasting', 8, 123),
('Equipment#124', 'EquipmentName124', 'Pyro Roasting', 8, 124),
('Equipment#125', 'EquipmentName125', 'Pyro Roasting', 8, 125),
('Equipment#126', 'EquipmentName126', 'Pyro Roasting', 8, 126),
('Equipment#127', 'EquipmentName127', 'Pyro Roasting', 8, 127),
('Equipment#128', 'EquipmentName128', 'Pyro Roasting', 8, 128),
('Equipment#129', 'EquipmentName129', 'Pyro Roasting', 8, 129),
('Equipment#130', 'EquipmentName130', 'Pyro Roasting', 8, 130),
('Equipment#131', 'EquipmentName131', 'Pyro Roasting', 8, 131),
('Equipment#132', 'EquipmentName132', 'Pyro Roasting', 8, 132),
('Equipment#133', 'EquipmentName133', 'Pyro Roasting', 8, 133),
('Equipment#134', 'EquipmentName134', 'Pyro Roasting', 8, 134),
('Equipment#135', 'EquipmentName135', 'Pyro Roasting', 8, 135),
('Equipment#136', 'EquipmentName136', 'Pyro Roasting', 8, 136),
('Equipment#137', 'EquipmentName137', 'Pyro Roasting', 8, 137),
('Equipment#138', 'EquipmentName138', 'Pyro Roasting', 8, 138),
('Equipment#139', 'EquipmentName139', 'Pyro Roasting', 8, 139),
('Equipment#140', 'EquipmentName140', 'Pyro Roasting', 8, 140),
('Equipment#141', 'EquipmentName141', 'Pyro Roasting', 8, 141),
('Equipment#142', 'EquipmentName142', 'Pyro Roasting', 8, 142),
('Equipment#143', 'EquipmentName143', 'Pyro Roasting', 8, 143),
('Equipment#144', 'EquipmentName144', 'Pyro Roasting', 8, 144),
('Equipment#145', 'EquipmentName145', 'Pyro Roasting', 8, 145),
('Equipment#146', 'EquipmentName146', 'Pyro Roasting', 8, 146),
('Equipment#147', 'EquipmentName147', 'Pyro Roasting', 8, 147),
('Equipment#148', 'EquipmentName148', 'Pyro Roasting', 8, 148),
('Equipment#149', 'EquipmentName149', 'Pyro Roasting', 8, 149),
('Equipment#150', 'EquipmentName150', 'Pyro Roasting', 8, 150),
('Equipment#151', 'EquipmentName151', 'Pyro Roasting', 8, 151),
('Equipment#152', 'EquipmentName152', 'Pyro Roasting', 8, 152),
('Equipment#153', 'EquipmentName153', 'Pyro Roasting', 8, 153),
('Equipment#154', 'EquipmentName154', 'Pyro Roasting', 8, 154),
('Equipment#155', 'EquipmentName155', 'Pyro Roasting', 8, 155),
('Equipment#156', 'EquipmentName156', 'Pyro Roasting', 8, 156),
('Equipment#157', 'EquipmentName157', 'Pyro Roasting', 8, 157),
('Equipment#158', 'EquipmentName158', 'Pyro Roasting', 8, 158),
('Equipment#159', 'EquipmentName159', 'Pyro Roasting', 8, 159),
('Equipment#160', 'EquipmentName160', 'Pyro Roasting', 8, 160),
('Equipment#161', 'EquipmentName161', 'Pyro Roasting', 8, 161),
('Equipment#162', 'EquipmentName162', 'Pyro Roasting', 8, 162),
('Equipment#163', 'EquipmentName163', 'Pyro Roasting', 8, 163),
('Equipment#164', 'EquipmentName164', 'Pyro Roasting', 8, 164),
('Equipment#165', 'EquipmentName165', 'Pyro Roasting', 8, 165),
('Equipment#166', 'EquipmentName166', 'Pyro Roasting', 8, 166),
('Equipment#167', 'EquipmentName167', 'Pyro Roasting', 8, 167),
('Equipment#168', 'EquipmentName168', 'Pyro Roasting', 8, 168),
('Equipment#169', 'EquipmentName169', 'Pyro Roasting', 8, 169),
('Equipment#170', 'EquipmentName170', 'Pyro Roasting', 8, 170),
('Equipment#171', 'EquipmentName171', 'Pyro Roasting', 8, 171),
('Equipment#172', 'EquipmentName172', 'Pyro Roasting', 8, 172),
('Equipment#173', 'EquipmentName173', 'Pyro Roasting', 8, 173),
('Equipment#174', 'EquipmentName174', 'Pyro Roasting', 8, 174),
('Equipment#175', 'EquipmentName175', 'Pyro Roasting', 8, 175),
('Equipment#176', 'EquipmentName176', 'Pyro Roasting', 8, 176),
('Equipment#177', 'EquipmentName177', 'Pyro Roasting', 8, 177),
('Equipment#178', 'EquipmentName178', 'Pyro Roasting', 8, 178),
('Equipment#179', 'EquipmentName179', 'Pyro Roasting', 8, 179),
('Equipment#180', 'EquipmentName180', 'Pyro Roasting', 8, 180),
('Equipment#181', 'EquipmentName181', 'Pyro Roasting', 8, 181),
('Equipment#182', 'EquipmentName182', 'Pyro Roasting', 8, 182),
('Equipment#183', 'EquipmentName183', 'Pyro Roasting', 8, 183),
('Equipment#184', 'EquipmentName184', 'Pyro Roasting', 8, 184),
('Equipment#185', 'EquipmentName185', 'Pyro Roasting', 8, 185),
('Equipment#186', 'EquipmentName186', 'Pyro Roasting', 8, 186),
('Equipment#187', 'EquipmentName187', 'Pyro Roasting', 8, 187),
('Equipment#188', 'EquipmentName188', 'Pyro Roasting', 8, 188),
('Equipment#189', 'EquipmentName189', 'Pyro Roasting', 8, 189),
('Equipment#190', 'EquipmentName190', 'Pyro Roasting', 8, 190),
('Equipment#191', 'EquipmentName191', 'Grinding', 1, 191),
('Equipment#192', 'EquipmentName192', 'Grinding', 1, 192),
('Equipment#193', 'EquipmentName193', 'Grinding', 1, 193),
('Equipment#194', 'EquipmentName194', 'Grinding', 1, 194),
('Equipment#195', 'EquipmentName195', 'Grinding', 1, 195),
('Equipment#196', 'EquipmentName196', 'Grinding', 1, 196),
('Equipment#197', 'EquipmentName197', 'Grinding', 1, 197),
('Equipment#198', 'EquipmentName198', 'Grinding', 1, 198),
('Equipment#199', 'EquipmentName199', 'Grinding', 1, 199),
('Equipment#200', 'EquipmentName200', 'Grinding', 1, 200),
('Equipment#201', 'EquipmentName201', 'Grinding', 1, 201),
('Equipment#202', 'EquipmentName202', 'Grinding', 1, 202),
('Equipment#203', 'EquipmentName203', 'Grinding', 1, 203),
('Equipment#204', 'EquipmentName204', 'Grinding', 1, 204),
('Equipment#205', 'EquipmentName205', 'Grinding', 1, 205),
('Equipment#206', 'EquipmentName206', 'Grinding', 1, 206),
('Equipment#207', 'EquipmentName207', 'Grinding', 1, 207),
('Equipment#208', 'EquipmentName208', 'Leaching', 3, 208),
('Equipment#209', 'EquipmentName209', 'Leaching', 3, 209),
('Equipment#210', 'EquipmentName210', 'Leaching', 3, 210),
('Equipment#211', 'EquipmentName211', 'Leaching', 3, 211),
('Equipment#212', 'EquipmentName212', 'Leaching', 3, 212),
('Equipment#213', 'EquipmentName213', 'Leaching', 3, 213),
('Equipment#214', 'EquipmentName214', 'Leaching', 3, 214),
('Equipment#215', 'EquipmentName215', 'Leaching', 3, 215),
('Equipment#216', 'EquipmentName216', 'Leaching', 3, 216),
('Equipment#217', 'EquipmentName217', 'Leaching', 3, 217),
('Equipment#218', 'EquipmentName218', 'Leaching', 3, 218),
('Equipment#219', 'EquipmentName219', 'Leaching', 3, 219),
('Equipment#220', 'EquipmentName220', 'Leaching', 3, 220),
('Equipment#221', 'EquipmentName221', 'Leaching', 3, 221),
('Equipment#222', 'EquipmentName222', 'Leaching', 3, 222),
('Equipment#223', 'EquipmentName223', 'Leaching', 3, 223),
('Equipment#224', 'EquipmentName224', 'Leaching', 3, 224),
('Equipment#225', 'EquipmentName225', 'Leaching', 3, 225),
('Equipment#226', 'EquipmentName226', 'Leaching', 3, 226),
('Equipment#227', 'EquipmentName227', 'Leaching', 3, 227),
('Equipment#228', 'EquipmentName228', 'Leaching', 3, 228),
('Equipment#229', 'EquipmentName229', 'Leaching', 3, 229),
('Equipment#230', 'EquipmentName230', 'Leaching', 3, 230),
('Equipment#231', 'EquipmentName231', 'Leaching', 3, 231),
('Equipment#232', 'EquipmentName232', 'Leaching', 3, 232),
('Equipment#233', 'EquipmentName233', 'Leaching', 3, 233),
('Equipment#234', 'EquipmentName234', 'Leaching', 3, 234),
('Equipment#235', 'EquipmentName235', 'Leaching', 3, 235),
('Equipment#236', 'EquipmentName236', 'Leaching', 3, 236),
('Equipment#237', 'EquipmentName237', 'Leaching', 3, 237),
('Equipment#238', 'EquipmentName238', 'Leaching', 3, 238),
('Equipment#239', 'EquipmentName239', 'Leaching', 3, 239),
('Equipment#240', 'EquipmentName240', 'Leaching', 3, 240),
('Equipment#241', 'EquipmentName241', 'Leaching', 3, 241),
('Equipment#242', 'EquipmentName242', 'Leaching', 3, 242),
('Equipment#243', 'EquipmentName243', 'Leaching', 3, 243),
('Equipment#244', 'EquipmentName244', 'Leaching', 3, 244),
('Equipment#245', 'EquipmentName245', 'Leaching', 3, 245),
('Equipment#246', 'EquipmentName246', 'Leaching', 3, 246),
('Equipment#247', 'EquipmentName247', 'Leaching', 3, 247),
('Equipment#248', 'EquipmentName248', 'Leaching', 3, 248),
('Equipment#249', 'EquipmentName249', 'Leaching', 3, 249),
('Equipment#250', 'EquipmentName250', 'Leaching', 3, 250),
('Equipment#251', 'EquipmentName251', 'Leaching', 3, 251),
('Equipment#252', 'EquipmentName252', 'Leaching', 3, 252),
('Equipment#253', 'EquipmentName253', 'Leaching', 3, 253),
('Equipment#254', 'EquipmentName254', 'Leaching', 3, 254),
('Equipment#255', 'EquipmentName255', 'Leaching', 3, 255),
('Equipment#256', 'EquipmentName256', 'Leaching', 3, 256),
('Equipment#257', 'EquipmentName257', 'Leaching', 3, 257),
('Equipment#258', 'EquipmentName258', 'Leaching', 3, 258),
('Equipment#259', 'EquipmentName259', 'Leaching', 3, 259),
('Equipment#260', 'EquipmentName260', 'Leaching', 3, 260),
('Equipment#261', 'EquipmentName261', 'Leaching', 3, 261),
('Equipment#262', 'EquipmentName262', 'Leaching', 3, 262),
('Equipment#263', 'EquipmentName263', 'Leaching', 3, 263),
('Equipment#264', 'EquipmentName264', 'Leaching', 3, 264),
('Equipment#265', 'EquipmentName265', 'Leaching', 3, 265),
('Equipment#266', 'EquipmentName266', 'Leaching', 3, 266),
('Equipment#267', 'EquipmentName267', 'Leaching', 3, 267),
('Equipment#268', 'EquipmentName268', 'Leaching', 3, 268),
('Equipment#269', 'EquipmentName269', 'Leaching', 3, 269),
('Equipment#270', 'EquipmentName270', 'Leaching', 3, 270),
('Equipment#271', 'EquipmentName271', 'Leaching', 3, 271),
('Equipment#272', 'EquipmentName272', 'Leaching', 3, 272),
('Equipment#273', 'EquipmentName273', 'Leaching', 3, 273),
('Equipment#274', 'EquipmentName274', 'Leaching', 3, 274),
('Equipment#275', 'EquipmentName275', 'Leaching', 3, 275),
('Equipment#276', 'EquipmentName276', 'Leaching', 3, 276),
('Equipment#277', 'EquipmentName277', 'Leaching', 3, 277),
('Equipment#278', 'EquipmentName278', 'Leaching', 3, 278),
('Equipment#279', 'EquipmentName279', 'Leaching', 3, 279),
('Equipment#280', 'EquipmentName280', 'Leaching', 3, 280),
('Equipment#281', 'EquipmentName281', 'Leaching', 3, 281),
('Equipment#282', 'EquipmentName282', 'Leaching', 3, 282),
('Equipment#283', 'EquipmentName283', 'Leaching', 3, 283),
('Equipment#284', 'EquipmentName284', 'Leaching', 3, 284),
('Equipment#285', 'EquipmentName285', 'Leaching', 3, 285),
('Equipment#286', 'EquipmentName286', 'Leaching', 3, 286),
('Equipment#287', 'EquipmentName287', 'Leaching', 3, 287),
('Equipment#288', 'EquipmentName288', 'Leaching', 3, 288),
('Equipment#289', 'EquipmentName289', 'Leaching', 3, 289),
('Equipment#290', 'EquipmentName290', 'Leaching', 3, 290),
('Equipment#291', 'EquipmentName291', 'Leaching', 3, 291),
('Equipment#292', 'EquipmentName292', 'Leaching', 3, 292),
('Equipment#293', 'EquipmentName293', 'Leaching', 3, 293),
('Equipment#294', 'EquipmentName294', 'Roasting', 9, 294),
('Equipment#295', 'EquipmentName295', 'Roasting', 9, 295),
('Equipment#296', 'EquipmentName296', 'Roasting', 9, 296),
('Equipment#297', 'EquipmentName297', 'Roasting', 9, 297),
('Equipment#298', 'EquipmentName298', 'Roasting', 9, 298),
('Equipment#299', 'EquipmentName299', 'Roasting', 9, 299),
('Equipment#300', 'EquipmentName300', 'Roasting', 9, 300),
('Equipment#301', 'EquipmentName301', 'Roasting', 9, 301),
('Equipment#302', 'EquipmentName302', 'Roasting', 9, 302),
('Equipment#303', 'EquipmentName303', 'Roasting', 9, 303),
('Equipment#304', 'EquipmentName304', 'Roasting', 9, 304),
('Equipment#305', 'EquipmentName305', 'Roasting', 9, 305),
('Equipment#306', 'EquipmentName306', 'Roasting', 9, 306),
('Equipment#307', 'EquipmentName307', 'Roasting', 9, 307),
('Equipment#308', 'EquipmentName308', 'Roasting', 9, 308),
('Equipment#309', 'EquipmentName309', 'Roasting', 9, 309),
('Equipment#310', 'EquipmentName310', 'Roasting', 9, 310),
('Equipment#311', 'EquipmentName311', 'Roasting', 9, 311),
('Equipment#312', 'EquipmentName312', 'Roasting', 9, 312),
('Equipment#313', 'EquipmentName313', 'Roasting', 9, 313),
('Equipment#314', 'EquipmentName314', 'Roasting', 9, 314),
('Equipment#315', 'EquipmentName315', 'Roasting', 9, 315),
('Equipment#316', 'EquipmentName316', 'Roasting', 9, 316),
('Equipment#317', 'EquipmentName317', 'Roasting', 9, 317),
('Equipment#318', 'EquipmentName318', 'Roasting', 9, 318),
('Equipment#319', 'EquipmentName319', 'Roasting', 9, 319),
('Equipment#320', 'EquipmentName320', 'Roasting', 9, 320),
('Equipment#321', 'EquipmentName321', 'Roasting', 9, 321),
('Equipment#322', 'EquipmentName322', 'Roasting', 9, 322),
('Equipment#323', 'EquipmentName323', 'Roasting', 9, 323),
('Equipment#324', 'EquipmentName324', 'Roasting', 9, 324),
('Equipment#325', 'EquipmentName325', 'Roasting', 9, 325),
('Equipment#326', 'EquipmentName326', 'Roasting', 9, 326),
('Equipment#327', 'EquipmentName327', 'Roasting', 9, 327),
('Equipment#328', 'EquipmentName328', 'Roasting', 9, 328),
('Equipment#329', 'EquipmentName329', 'Roasting', 9, 329),
('Equipment#330', 'EquipmentName330', 'Roasting', 9, 330),
('Equipment#331', 'EquipmentName331', 'Roasting', 9, 331),
('Equipment#332', 'EquipmentName332', 'Roasting', 9, 332),
('Equipment#333', 'EquipmentName333', 'Roasting', 9, 333),
('Equipment#334', 'EquipmentName334', 'Roasting', 9, 334),
('Equipment#335', 'EquipmentName335', 'Roasting', 9, 335),
('Equipment#336', 'EquipmentName336', 'Roasting', 9, 336),
('Equipment#337', 'EquipmentName337', 'Roasting', 9, 337),
('Equipment#338', 'EquipmentName338', 'Roasting', 9, 338),
('Equipment#339', 'EquipmentName339', 'Roasting', 9, 339),
('Equipment#340', 'EquipmentName340', 'Roasting', 9, 340),
('Equipment#341', 'EquipmentName341', 'Roasting', 9, 341),
('Equipment#342', 'EquipmentName342', 'Roasting', 9, 342),
('Equipment#343', 'EquipmentName343', 'Roasting', 9, 343),
('Equipment#344', 'EquipmentName344', 'Roasting', 9, 344),
('Equipment#345', 'EquipmentName345', 'Roasting', 9, 345),
('Equipment#346', 'EquipmentName346', 'Roasting', 9, 346),
('Equipment#347', 'EquipmentName347', 'Roasting', 9, 347),
('Equipment#348', 'EquipmentName348', 'Roasting', 9, 348),
('Equipment#349', 'EquipmentName349', 'Roasting', 9, 349),
('Equipment#350', 'EquipmentName350', 'Roasting', 9, 350),
('Equipment#351', 'EquipmentName351', 'Roasting', 9, 351),
('Equipment#352', 'EquipmentName352', 'Roasting', 9, 352),
('Equipment#353', 'EquipmentName353', 'Roasting', 9, 353),
('Equipment#354', 'EquipmentName354', 'Roasting', 9, 354),
('Equipment#355', 'EquipmentName355', 'Roasting', 9, 355),
('Equipment#356', 'EquipmentName356', 'Roasting', 9, 356),
('Equipment#357', 'EquipmentName357', 'Roasting', 9, 357),
('Equipment#358', 'EquipmentName358', 'Roasting', 9, 358),
('Equipment#359', 'EquipmentName359', 'Roasting', 9, 359),
('Equipment#360', 'EquipmentName360', 'Roasting', 9, 360),
('Equipment#361', 'EquipmentName361', 'Roasting', 9, 361),
('Equipment#362', 'EquipmentName362', 'Roasting', 9, 362),
('Equipment#363', 'EquipmentName363', 'Roasting', 9, 363),
('Equipment#364', 'EquipmentName364', 'Roasting', 9, 364),
('Equipment#365', 'EquipmentName365', 'Roasting', 9, 365),
('Equipment#366', 'EquipmentName366', 'Roasting', 9, 366),
('Equipment#367', 'EquipmentName367', 'Roasting', 9, 367),
('Equipment#368', 'EquipmentName368', 'Roasting', 9, 368),
('Equipment#369', 'EquipmentName369', 'Roasting', 9, 369),
('Equipment#370', 'EquipmentName370', 'Roasting', 9, 370),
('Equipment#371', 'EquipmentName371', 'Roasting', 9, 371),
('Equipment#372', 'EquipmentName372', 'Roasting', 9, 372),
('Equipment#373', 'EquipmentName373', 'Roasting', 9, 373),
('Equipment#374', 'EquipmentName374', 'Roasting', 9, 374),
('Equipment#375', 'EquipmentName375', 'Roasting', 9, 375),
('Equipment#376', 'EquipmentName376', 'Roasting', 9, 376),
('Equipment#377', 'EquipmentName377', 'Roasting', 9, 377),
('Equipment#378', 'EquipmentName378', 'Roasting', 9, 378),
('Equipment#379', 'EquipmentName379', 'Roasting', 9, 379),
('Equipment#380', 'EquipmentName380', 'Roasting', 9, 380),
('Equipment#381', 'EquipmentName381', 'Roasting', 9, 381),
('Equipment#382', 'EquipmentName382', 'Roasting', 9, 382),
('Equipment#383', 'EquipmentName383', 'Roasting', 9, 383),
('Equipment#384', 'EquipmentName384', 'Roasting', 9, 384),
('Equipment#385', 'EquipmentName385', 'Roasting', 9, 385),
('Equipment#386', 'EquipmentName386', 'Roasting', 9, 386),
('Equipment#387', 'EquipmentName387', 'Roasting', 9, 387),
('Equipment#388', 'EquipmentName388', 'Roasting', 9, 388),
('Equipment#389', 'EquipmentName389', 'Roasting', 9, 389),
('Equipment#390', 'EquipmentName390', 'Roasting', 9, 390),
('Equipment#391', 'EquipmentName391', 'Roasting', 9, 391),
('Equipment#392', 'EquipmentName392', 'Roasting', 9, 392),
('Equipment#393', 'EquipmentName393', 'Roasting', 9, 393),
('Equipment#394', 'EquipmentName394', 'Roasting', 9, 394),
('Equipment#395', 'EquipmentName395', 'Roasting', 9, 395),
('Equipment#396', 'EquipmentName396', 'Roasting', 9, 396),
('Equipment#397', 'EquipmentName397', 'Roasting', 9, 397),
('Equipment#398', 'EquipmentName398', 'Roasting', 9, 398),
('Equipment#399', 'EquipmentName399', 'Roasting', 9, 399),
('Equipment#400', 'EquipmentName400', 'Roasting', 9, 400),
('Equipment#401', 'EquipmentName401', 'Roasting', 9, 401),
('Equipment#402', 'EquipmentName402', 'Roasting', 9, 402),
('Equipment#403', 'EquipmentName403', 'Roasting', 9, 403),
('Equipment#404', 'EquipmentName404', 'Roasting', 9, 404),
('Equipment#405', 'EquipmentName405', 'Roasting', 9, 405),
('Equipment#406', 'EquipmentName406', 'Roasting', 9, 406),
('Equipment#407', 'EquipmentName407', 'Roasting', 9, 407),
('Equipment#408', 'EquipmentName408', 'Roasting', 9, 408),
('Equipment#409', 'EquipmentName409', 'Roasting', 9, 409),
('Equipment#410', 'EquipmentName410', 'Roasting', 9, 410),
('Equipment#411', 'EquipmentName411', 'Roasting', 9, 411),
('Equipment#412', 'EquipmentName412', 'Roasting', 9, 412),
('Equipment#413', 'EquipmentName413', 'Roasting', 9, 413),
('Equipment#414', 'EquipmentName414', 'Roasting', 9, 414),
('Equipment#415', 'EquipmentName415', 'Roasting', 9, 415),
('Equipment#416', 'EquipmentName416', 'Roasting', 9, 416),
('Equipment#417', 'EquipmentName417', 'Roasting', 9, 417),
('Equipment#418', 'EquipmentName418', 'Roasting', 9, 418),
('Equipment#419', 'EquipmentName419', 'Roasting', 9, 419),
('Equipment#420', 'EquipmentName420', 'Roasting', 9, 420),
('Equipment#421', 'EquipmentName421', 'Roasting', 9, 421),
('Equipment#422', 'EquipmentName422', 'Roasting', 9, 422),
('Equipment#423', 'EquipmentName423', 'Roasting', 9, 423),
('Equipment#424', 'EquipmentName424', 'Roasting', 9, 424),
('Equipment#425', 'EquipmentName425', 'Roasting', 9, 425),
('Equipment#426', 'EquipmentName426', 'Roasting', 9, 426),
('Equipment#427', 'EquipmentName427', 'Roasting', 9, 427),
('Equipment#428', 'EquipmentName428', 'Roasting', 9, 428),
('Equipment#429', 'EquipmentName429', 'Roasting', 9, 429),
('Equipment#430', 'EquipmentName430', 'Roasting', 9, 430),
('Equipment#431', 'EquipmentName431', 'Roasting', 9, 431),
('Equipment#432', 'EquipmentName432', 'Roasting', 9, 432),
('Equipment#433', 'EquipmentName433', 'Roasting', 9, 433),
('Equipment#434', 'EquipmentName434', 'Roasting', 9, 434),
('Equipment#435', 'EquipmentName435', 'Roasting', 9, 435),
('Equipment#436', 'EquipmentName436', 'Roasting', 9, 436),
('Equipment#437', 'EquipmentName437', 'Roasting', 9, 437),
('Equipment#438', 'EquipmentName438', 'Roasting', 9, 438),
('Equipment#439', 'EquipmentName439', 'Roasting', 9, 439),
('Equipment#440', 'EquipmentName440', 'Roasting', 9, 440),
('Equipment#441', 'EquipmentName441', 'Roasting', 9, 441),
('Equipment#442', 'EquipmentName442', 'Roasting', 9, 442),
('Equipment#443', 'EquipmentName443', 'Roasting', 9, 443),
('Equipment#444', 'EquipmentName444', 'Roasting', 9, 444),
('Equipment#445', 'EquipmentName445', 'Roasting', 9, 445),
('Equipment#446', 'EquipmentName446', 'Roasting', 9, 446),
('Equipment#447', 'EquipmentName447', 'Roasting', 9, 447),
('Equipment#448', 'EquipmentName448', 'Roasting', 9, 448),
('Equipment#449', 'EquipmentName449', 'Roasting', 9, 449),
('Equipment#450', 'EquipmentName450', 'Roasting', 9, 450),
('Equipment#451', 'EquipmentName451', 'Roasting', 9, 451),
('Equipment#452', 'EquipmentName452', 'Roasting', 9, 452),
('Equipment#453', 'EquipmentName453', 'Roasting', 9, 453),
('Equipment#454', 'EquipmentName454', 'Roasting', 9, 454),
('Equipment#455', 'EquipmentName455', 'Roasting', 9, 455),
('Equipment#456', 'EquipmentName456', 'Roasting', 9, 456),
('Equipment#457', 'EquipmentName457', 'Roasting', 9, 457),
('Equipment#458', 'EquipmentName458', 'Roasting', 9, 458),
('Equipment#459', 'EquipmentName459', 'Roasting', 9, 459),
('Equipment#460', 'EquipmentName460', 'Roasting', 9, 460),
('Equipment#461', 'EquipmentName461', 'Solvent', 10, 461),
('Equipment#462', 'EquipmentName462', 'Solvent', 10, 462),
('Equipment#463', 'EquipmentName463', 'Solvent', 10, 463),
('Equipment#464', 'EquipmentName464', 'Solvent', 10, 464),
('Equipment#465', 'EquipmentName465', 'Solvent', 10, 465),
('Equipment#466', 'EquipmentName466', 'Solvent', 10, 466),
('Equipment#467', 'EquipmentName467', 'Solvent', 10, 467),
('Equipment#468', 'EquipmentName468', 'Solvent', 10, 468),
('Equipment#469', 'EquipmentName469', 'Solvent', 10, 469),
('Equipment#470', 'EquipmentName470', 'Solvent', 10, 470),
('Equipment#471', 'EquipmentName471', 'Solvent', 10, 471),
('Equipment#472', 'EquipmentName472', 'Solvent', 10, 472),
('Equipment#473', 'EquipmentName473', 'Solvent', 10, 473),
('Equipment#474', 'EquipmentName474', 'Solvent', 10, 474),
('Equipment#475', 'EquipmentName475', 'Solvent', 10, 475),
('Equipment#476', 'EquipmentName476', 'Solvent', 10, 476),
('Equipment#477', 'EquipmentName477', 'Solvent', 10, 477),
('Equipment#478', 'EquipmentName478', 'Solvent', 10, 478),
('Equipment#479', 'EquipmentName479', 'Solvent', 10, 479),
('Equipment#480', 'EquipmentName480', 'Solvent', 10, 480),
('Equipment#481', 'EquipmentName481', 'Solvent', 10, 481),
('Equipment#482', 'EquipmentName482', 'Solvent', 10, 482),
('Equipment#483', 'EquipmentName483', 'Solvent', 10, 483),
('Equipment#484', 'EquipmentName484', 'Solvent', 10, 484),
('Equipment#485', 'EquipmentName485', 'Solvent', 10, 485),
('Equipment#486', 'EquipmentName486', 'Solvent', 10, 486),
('Equipment#487', 'EquipmentName487', 'Solvent', 10, 487),
('Equipment#488', 'EquipmentName488', 'Solvent', 10, 488),
('Equipment#489', 'EquipmentName489', 'Solvent', 10, 489),
('Equipment#490', 'EquipmentName490', 'Solvent', 10, 490),
('Equipment#491', 'EquipmentName491', 'Solvent', 10, 491),
('Equipment#492', 'EquipmentName492', 'Solvent', 10, 492),
('Equipment#493', 'EquipmentName493', 'Solvent', 10, 493),
('Equipment#494', 'EquipmentName494', 'Solvent', 10, 494),
('Equipment#495', 'EquipmentName495', 'Solvent', 10, 495),
('Equipment#496', 'EquipmentName496', 'Solvent', 10, 496),
('Equipment#497', 'EquipmentName497', 'Solvent', 10, 497),
('Equipment#498', 'EquipmentName498', 'Solvent', 10, 498),
('Equipment#499', 'EquipmentName499', 'Solvent', 10, 499),
('Equipment#500', 'EquipmentName500', 'Solvent', 10, 500),
('Equipment#501', 'EquipmentName501', 'Solvent', 10, 501),
('Equipment#502', 'EquipmentName502', 'Solvent', 10, 502),
('Equipment#503', 'EquipmentName503', 'Solvent', 10, 503),
('Equipment#504', 'EquipmentName504', 'Solvent', 10, 504),
('Equipment#505', 'EquipmentName505', 'Solvent', 10, 505),
('Equipment#506', 'EquipmentName506', 'Solvent', 10, 506),
('Equipment#507', 'EquipmentName507', 'Solvent', 10, 507),
('Equipment#508', 'EquipmentName508', 'Solvent', 10, 508),
('Equipment#509', 'EquipmentName509', 'Solvent', 10, 509),
('Equipment#510', 'EquipmentName510', 'Solvent', 10, 510),
('Equipment#511', 'EquipmentName511', 'Solvent', 10, 511),
('Equipment#512', 'EquipmentName512', 'Solvent', 10, 512),
('Equipment#513', 'EquipmentName513', 'Solvent', 10, 513),
('Equipment#514', 'EquipmentName514', 'Solvent', 10, 514),
('Equipment#515', 'EquipmentName515', 'Solvent', 10, 515),
('Equipment#516', 'EquipmentName516', 'Solvent', 10, 516),
('Equipment#517', 'EquipmentName517', 'Strong', 11, 517),
('Equipment#518', 'EquipmentName518', 'Strong', 11, 518),
('Equipment#519', 'EquipmentName519', 'Strong', 11, 519),
('Equipment#520', 'EquipmentName520', 'Strong', 11, 520),
('Equipment#521', 'EquipmentName521', 'Strong', 11, 521),
('Equipment#522', 'EquipmentName522', 'Strong', 11, 522),
('Equipment#523', 'EquipmentName523', 'Strong', 11, 523),
('Equipment#524', 'EquipmentName524', 'Strong', 11, 524),
('Equipment#525', 'EquipmentName525', 'Strong', 11, 525),
('Equipment#526', 'EquipmentName526', 'Strong', 11, 526),
('Equipment#527', 'EquipmentName527', 'Strong', 11, 527),
('Equipment#528', 'EquipmentName528', 'Strong', 11, 528),
('Equipment#529', 'EquipmentName529', 'Strong', 11, 529),
('Equipment#530', 'EquipmentName530', 'Strong', 11, 530),
('Equipment#531', 'EquipmentName531', 'Strong', 11, 531),
('Equipment#532', 'EquipmentName532', 'Strong', 11, 532),
('Equipment#533', 'EquipmentName533', 'Strong', 11, 533),
('Equipment#534', 'EquipmentName534', 'Strong', 11, 534),
('Equipment#535', 'EquipmentName535', 'Strong', 11, 535),
('Equipment#536', 'EquipmentName536', 'Strong', 11, 536),
('Equipment#537', 'EquipmentName537', 'Strong', 11, 537),
('Equipment#538', 'EquipmentName538', 'Strong', 11, 538),
('Equipment#539', 'EquipmentName539', 'Strong', 11, 539),
('Equipment#540', 'EquipmentName540', 'Strong', 11, 540),
('Equipment#541', 'EquipmentName541', 'Strong', 11, 541),
('Equipment#542', 'EquipmentName542', 'Strong', 11, 542),
('Equipment#543', 'EquipmentName543', 'Strong', 11, 543),
('Equipment#544', 'EquipmentName544', 'Strong', 11, 544),
('Equipment#545', 'EquipmentName545', 'Strong', 11, 545),
('Equipment#546', 'EquipmentName546', 'Strong', 11, 546),
('Equipment#547', 'EquipmentName547', 'Strong', 11, 547),
('Equipment#548', 'EquipmentName548', 'Strong', 11, 548),
('Equipment#549', 'EquipmentName549', 'Strong', 11, 549),
('Equipment#550', 'EquipmentName550', 'Strong', 11, 550),
('Equipment#551', 'EquipmentName551', 'Strong', 11, 551),
('Equipment#552', 'EquipmentName552', 'Strong', 11, 552),
('Equipment#553', 'EquipmentName553', 'Strong', 11, 553),
('Equipment#554', 'EquipmentName554', 'Leaching', 3, 554),
('Equipment#555', 'EquipmentName555', 'Leaching', 3, 555),
('Equipment#556', 'EquipmentName556', 'Leaching', 3, 556),
('Equipment#557', 'EquipmentName557', 'Leaching', 3, 557),
('Equipment#558', 'EquipmentName558', 'Leaching', 3, 558),
('Equipment#559', 'EquipmentName559', 'Leaching', 3, 559),
('Equipment#560', 'EquipmentName560', 'Leaching', 3, 560),
('Equipment#561', 'EquipmentName561', 'Leaching', 3, 561),
('Equipment#562', 'EquipmentName562', 'Leaching', 3, 562),
('Equipment#563', 'EquipmentName563', 'Leaching', 3, 563),
('Equipment#564', 'EquipmentName564', 'Leaching', 3, 564),
('Equipment#565', 'EquipmentName565', 'Leaching', 3, 565),
('Equipment#566', 'EquipmentName566', 'Leaching', 3, 566),
('Equipment#567', 'EquipmentName567', 'Leaching', 3, 567),
('Equipment#568', 'EquipmentName568', 'Leaching', 3, 568),
('Equipment#569', 'EquipmentName569', 'Roasting', 9, 569),
('Equipment#570', 'EquipmentName570', 'Roasting', 9, 570),
('Equipment#571', 'EquipmentName571', 'Roasting', 9, 571),
('Equipment#572', 'EquipmentName572', 'Roasting', 9, 572),
('Equipment#573', 'EquipmentName573', 'Roasting', 9, 573),
('Equipment#574', 'EquipmentName574', 'Roasting', 9, 574),
('Equipment#575', 'EquipmentName575', 'Roasting', 9, 575),
('Equipment#576', 'EquipmentName576', 'Roasting', 9, 576),
('Equipment#577', 'EquipmentName577', 'Roasting', 9, 577),
('Equipment#578', 'EquipmentName578', 'Roasting', 9, 578),
('Equipment#579', 'EquipmentName579', 'Roasting', 9, 579),
('Equipment#580', 'EquipmentName580', 'Roasting', 9, 580),
('Equipment#581', 'EquipmentName581', 'Roasting', 9, 581),
('Equipment#582', 'EquipmentName582', 'Roasting', 9, 582),
('Equipment#583', 'EquipmentName583', 'Roasting', 9, 583),
('Equipment#584', 'EquipmentName584', 'Roasting', 9, 584),
('Equipment#585', 'EquipmentName585', 'Roasting', 9, 585),
('Equipment#586', 'EquipmentName586', 'Roasting', 9, 586),
('Equipment#587', 'EquipmentName587', 'Roasting', 9, 587),
('Equipment#588', 'EquipmentName588', 'Roasting', 9, 588),
('Equipment#589', 'EquipmentName589', 'Roasting', 9, 589),
('Equipment#590', 'EquipmentName590', 'Grinding', 1, 590),
('Equipment#591', 'EquipmentName591', 'Grinding', 1, 591),
('Equipment#592', 'EquipmentName592', 'Grinding', 1, 592),
('Equipment#593', 'EquipmentName593', 'Grinding', 1, 593),
('Equipment#594', 'EquipmentName594', 'Roasting', 9, 594),
('Equipment#595', 'EquipmentName595', 'Roasting', 9, 595),
('Equipment#596', 'EquipmentName596', 'Roasting', 9, 596),
('Equipment#597', 'EquipmentName597', 'Roasting', 9, 597),
('Equipment#598', 'EquipmentName598', 'Roasting', 9, 598),
('Equipment#599', 'EquipmentName599', 'Roasting', 9, 599),
('Equipment#600', 'EquipmentName600', 'Roasting', 9, 600),
('Equipment#601', 'EquipmentName601', 'Roasting', 9, 601),
('Equipment#602', 'EquipmentName602', 'Roasting', 9, 602),
('Equipment#603', 'EquipmentName603', 'M/V', 4, 603),
('Equipment#604', 'EquipmentName604', 'M/V', 4, 604),
('Equipment#605', 'EquipmentName605', 'M/V', 4, 605),
('Equipment#606', 'EquipmentName606', 'M/V', 4, 606),
('Equipment#607', 'EquipmentName607', 'M/V', 4, 607),
('Equipment#608', 'EquipmentName608', 'M/V', 4, 608),
('Equipment#609', 'EquipmentName609', 'M/V', 4, 609),
('Equipment#610', 'EquipmentName610', 'M/V', 4, 610),
('Equipment#611', 'EquipmentName611', 'M/V', 4, 611),
('Equipment#612', 'EquipmentName612', 'M/V', 4, 612),
('Equipment#613', 'EquipmentName613', 'M/V', 4, 613),
('Equipment#614', 'EquipmentName614', 'M/V', 4, 614),
('Equipment#615', 'EquipmentName615', 'M/V', 4, 615),
('Equipment#616', 'EquipmentName616', 'M/V', 4, 616),
('Equipment#617', 'EquipmentName617', 'M/V', 4, 617),
('Equipment#618', 'EquipmentName618', 'M/V', 4, 618),
('Equipment#619', 'EquipmentName619', 'M/V', 4, 619),
('Equipment#620', 'EquipmentName620', 'M/V', 4, 620),
('Equipment#621', 'EquipmentName621', 'M/V', 4, 621),
('Equipment#622', 'EquipmentName622', 'M/V', 4, 622),
('Equipment#623', 'EquipmentName623', 'M/V', 4, 623),
('Equipment#624', 'EquipmentName624', 'M/V', 4, 624),
('Equipment#625', 'EquipmentName625', 'M/V', 4, 625),
('Equipment#626', 'EquipmentName626', 'M/V', 4, 626),
('Equipment#627', 'EquipmentName627', 'M/V', 4, 627),
('Equipment#628', 'EquipmentName628', 'M/V', 4, 628),
('Equipment#629', 'EquipmentName629', 'M/V', 4, 629),
('Equipment#630', 'EquipmentName630', 'M/V', 4, 630),
('Equipment#631', 'EquipmentName631', 'M/V', 4, 631),
('Equipment#632', 'EquipmentName632', 'M/V', 4, 632),
('Equipment#633', 'EquipmentName633', 'M/V', 4, 633),
('Equipment#634', 'EquipmentName634', 'M/V', 4, 634),
('Equipment#635', 'EquipmentName635', 'M/V', 4, 635),
('Equipment#636', 'EquipmentName636', 'M/V', 4, 636),
('Equipment#637', 'EquipmentName637', 'M/V', 4, 637),
('Equipment#638', 'EquipmentName638', 'M/V', 4, 638),
('Equipment#639', 'EquipmentName639', 'M/V', 4, 639),
('Equipment#640', 'EquipmentName640', 'M/V', 4, 640),
('Equipment#641', 'EquipmentName641', 'M/V', 4, 641),
('Equipment#642', 'EquipmentName642', 'M/V', 4, 642),
('Equipment#643', 'EquipmentName643', 'Solvent', 10, 643),
('Equipment#644', 'EquipmentName644', 'Solvent', 10, 644),
('Equipment#645', 'EquipmentName645', 'Solvent', 10, 645),
('Equipment#646', 'EquipmentName646', 'Solvent', 10, 646),
('Equipment#647', 'EquipmentName647', 'Solvent', 10, 647),
('Equipment#648', 'EquipmentName648', 'Solvent', 10, 648),
('Equipment#649', 'EquipmentName649', 'Solvent', 10, 649),
('Equipment#650', 'EquipmentName650', 'Solvent', 10, 650),
('Equipment#651', 'EquipmentName651', 'Solvent', 10, 651),
('Equipment#652', 'EquipmentName652', 'Solvent', 10, 652),
('Equipment#653', 'EquipmentName653', 'Solvent', 10, 653),
('Equipment#654', 'EquipmentName654', 'Solvent', 10, 654),
('Equipment#655', 'EquipmentName655', 'Solvent', 10, 655),
('Equipment#656', 'EquipmentName656', 'Solvent', 10, 656),
('Equipment#657', 'EquipmentName657', 'Solvent', 10, 657),
('Equipment#658', 'EquipmentName658', 'Solvent', 10, 658),
('Equipment#659', 'EquipmentName659', 'Solvent', 10, 659),
('Equipment#660', 'EquipmentName660', 'Solvent', 10, 660),
('Equipment#661', 'EquipmentName661', 'Solvent', 10, 661),
('Equipment#662', 'EquipmentName662', 'Solvent', 10, 662),
('Equipment#663', 'EquipmentName663', 'Solvent', 10, 663),
('Equipment#664', 'EquipmentName664', 'Solvent', 10, 664),
('Equipment#665', 'EquipmentName665', 'Solvent', 10, 665),
('Equipment#666', 'EquipmentName666', 'Solvent', 10, 666),
('Equipment#667', 'EquipmentName667', 'Solvent', 10, 667),
('Equipment#668', 'EquipmentName668', 'Solvent', 10, 668),
('Equipment#669', 'EquipmentName669', 'Solvent', 10, 669),
('Equipment#670', 'EquipmentName670', 'Solvent', 10, 670),
('Equipment#671', 'EquipmentName671', 'Solvent', 10, 671),
('Equipment#672', 'EquipmentName672', 'Solvent', 10, 672),
('Equipment#673', 'EquipmentName673', 'Solvent', 10, 673),
('Equipment#674', 'EquipmentName674', 'Solvent', 10, 674),
('Equipment#675', 'EquipmentName675', 'Solvent', 10, 675),
('Equipment#676', 'EquipmentName676', 'Solvent', 10, 676),
('Equipment#677', 'EquipmentName677', 'Solvent', 10, 677),
('Equipment#678', 'EquipmentName678', 'Solvent', 10, 678),
('Equipment#679', 'EquipmentName679', 'Solvent', 10, 679),
('Equipment#680', 'EquipmentName680', 'Solvent', 10, 680),
('Equipment#681', 'EquipmentName681', 'Solvent', 10, 681),
('Equipment#682', 'EquipmentName682', 'Solvent', 10, 682),
('Equipment#683', 'EquipmentName683', 'Solvent', 10, 683),
('Equipment#684', 'EquipmentName684', 'Solvent', 10, 684),
('Equipment#685', 'EquipmentName685', 'Solvent', 10, 685),
('Equipment#686', 'EquipmentName686', 'Solvent', 10, 686),
('Equipment#687', 'EquipmentName687', 'Solvent', 10, 687),
('Equipment#688', 'EquipmentName688', 'Solvent', 10, 688),
('Equipment#689', 'EquipmentName689', 'Solvent', 10, 689),
('Equipment#690', 'EquipmentName690', 'Solvent', 10, 690),
('Equipment#691', 'EquipmentName691', 'Solvent', 10, 691),
('Equipment#692', 'EquipmentName692', 'Solvent', 10, 692),
('Equipment#693', 'EquipmentName693', 'Solvent', 10, 693),
('Equipment#694', 'EquipmentName694', 'Solvent', 10, 694),
('Equipment#695', 'EquipmentName695', 'Solvent', 10, 695),
('Equipment#696', 'EquipmentName696', 'Solvent', 10, 696),
('Equipment#697', 'EquipmentName697', 'Solvent', 10, 697),
('Equipment#698', 'EquipmentName698', 'Solvent', 10, 698),
('Equipment#699', 'EquipmentName699', 'Solvent', 10, 699),
('Equipment#700', 'EquipmentName700', 'Solvent', 10, 700),
('Equipment#701', 'EquipmentName701', 'Solvent', 10, 701),
('Equipment#702', 'EquipmentName702', 'Solvent', 10, 702),
('Equipment#703', 'EquipmentName703', 'Solvent', 10, 703),
('Equipment#704', 'EquipmentName704', 'Solvent', 10, 704),
('Equipment#705', 'EquipmentName705', 'Solvent', 10, 705),
('Equipment#706', 'EquipmentName706', 'Solvent', 10, 706),
('Equipment#707', 'EquipmentName707', 'Solvent', 10, 707),
('Equipment#708', 'EquipmentName708', 'Solvent', 10, 708),
('Equipment#709', 'EquipmentName709', 'Solvent', 10, 709),
('Equipment#710', 'EquipmentName710', 'Solvent', 10, 710),
('Equipment#711', 'EquipmentName711', 'Solvent', 10, 711),
('Equipment#712', 'EquipmentName712', 'Solvent', 10, 712),
('Equipment#713', 'EquipmentName713', 'Solvent', 10, 713),
('Equipment#714', 'EquipmentName714', 'Solvent', 10, 714),
('Equipment#715', 'EquipmentName715', 'Solvent', 10, 715),
('Equipment#716', 'EquipmentName716', 'Solvent', 10, 716),
('Equipment#717', 'EquipmentName717', 'Solvent', 10, 717),
('Equipment#718', 'EquipmentName718', 'Solvent', 10, 718),
('Equipment#719', 'EquipmentName719', 'Solvent', 10, 719),
('Equipment#720', 'EquipmentName720', 'Solvent', 10, 720),
('Equipment#721', 'EquipmentName721', 'Solvent', 10, 721),
('Equipment#722', 'EquipmentName722', 'Solvent', 10, 722),
('Equipment#723', 'EquipmentName723', 'Solvent', 10, 723),
('Equipment#724', 'EquipmentName724', 'Solvent', 10, 724),
('Equipment#725', 'EquipmentName725', 'Solvent', 10, 725),
('Equipment#726', 'EquipmentName726', 'Solvent', 10, 726),
('Equipment#727', 'EquipmentName727', 'Solvent', 10, 727),
('Equipment#728', 'EquipmentName728', 'Solvent', 10, 728),
('Equipment#729', 'EquipmentName729', 'Solvent', 10, 729),
('Equipment#730', 'EquipmentName730', 'Solvent', 10, 730),
('Equipment#731', 'EquipmentName731', 'Solvent', 10, 731),
('Equipment#732', 'EquipmentName732', 'Solvent', 10, 732),
('Equipment#733', 'EquipmentName733', 'Solvent', 10, 733),
('Equipment#734', 'EquipmentName734', 'Solvent', 10, 734),
('Equipment#735', 'EquipmentName735', 'Solvent', 10, 735),
('Equipment#736', 'EquipmentName736', 'Solvent', 10, 736),
('Equipment#737', 'EquipmentName737', 'Solvent', 10, 737),
('Equipment#738', 'EquipmentName738', 'Solvent', 10, 738),
('Equipment#739', 'EquipmentName739', 'Solvent', 10, 739),
('Equipment#740', 'EquipmentName740', 'Solvent', 10, 740),
('Equipment#741', 'EquipmentName741', 'Solvent', 10, 741),
('Equipment#742', 'EquipmentName742', 'Solvent', 10, 742),
('Equipment#743', 'EquipmentName743', 'Solvent', 10, 743),
('Equipment#744', 'EquipmentName744', 'Solvent', 10, 744),
('Equipment#745', 'EquipmentName745', 'Solvent', 10, 745),
('Equipment#746', 'EquipmentName746', 'Solvent', 10, 746),
('Equipment#747', 'EquipmentName747', 'Solvent', 10, 747),
('Equipment#748', 'EquipmentName748', 'Solvent', 10, 748),
('Equipment#749', 'EquipmentName749', 'Solvent', 10, 749),
('Equipment#750', 'EquipmentName750', 'Solvent', 10, 750),
('Equipment#751', 'EquipmentName751', 'Solvent', 10, 751),
('Equipment#752', 'EquipmentName752', 'Solvent', 10, 752),
('Equipment#753', 'EquipmentName753', 'Solvent', 10, 753),
('Equipment#754', 'EquipmentName754', 'Solvent', 10, 754),
('Equipment#755', 'EquipmentName755', 'Solvent', 10, 755),
('Equipment#756', 'EquipmentName756', 'Solvent', 10, 756),
('Equipment#757', 'EquipmentName757', 'Solvent', 10, 757),
('Equipment#758', 'EquipmentName758', 'Solvent', 10, 758),
('Equipment#759', 'EquipmentName759', 'Solvent', 10, 759),
('Equipment#760', 'EquipmentName760', 'Vanadium', 13, 760),
('Equipment#761', 'EquipmentName761', 'Vanadium', 13, 761),
('Equipment#762', 'EquipmentName762', 'Vanadium', 13, 762),
('Equipment#763', 'EquipmentName763', 'Vanadium', 13, 763),
('Equipment#764', 'EquipmentName764', 'Vanadium', 13, 764),
('Equipment#765', 'EquipmentName765', 'Vanadium', 13, 765),
('Equipment#766', 'EquipmentName766', 'Vanadium', 13, 766),
('Equipment#767', 'EquipmentName767', 'Vanadium', 13, 767),
('Equipment#768', 'EquipmentName768', 'Vanadium', 13, 768),
('Equipment#769', 'EquipmentName769', 'Vanadium', 13, 769),
('Equipment#770', 'EquipmentName770', 'Vanadium', 13, 770),
('Equipment#771', 'EquipmentName771', 'Vanadium', 13, 771),
('Equipment#772', 'EquipmentName772', 'Vanadium', 13, 772),
('Equipment#773', 'EquipmentName773', 'Vanadium', 13, 773),
('Equipment#774', 'EquipmentName774', 'Vanadium', 13, 774),
('Equipment#775', 'EquipmentName775', 'Vanadium', 13, 775),
('Equipment#776', 'EquipmentName776', 'Vanadium', 13, 776),
('Equipment#777', 'EquipmentName777', 'Vanadium', 13, 777),
('Equipment#778', 'EquipmentName778', 'Vanadium', 13, 778),
('Equipment#779', 'EquipmentName779', 'Vanadium', 13, 779),
('Equipment#780', 'EquipmentName780', 'Vanadium', 13, 780),
('Equipment#781', 'EquipmentName781', 'Vanadium', 13, 781),
('Equipment#782', 'EquipmentName782', 'Vanadium', 13, 782),
('Equipment#783', 'EquipmentName783', 'Vanadium', 13, 783),
('Equipment#784', 'EquipmentName784', 'Vanadium', 13, 784),
('Equipment#785', 'EquipmentName785', 'Vanadium', 13, 785),
('Equipment#786', 'EquipmentName786', 'Vanadium', 13, 786),
('Equipment#787', 'EquipmentName787', 'Vanadium', 13, 787),
('Equipment#788', 'EquipmentName788', 'Vanadium', 13, 788),
('Equipment#789', 'EquipmentName789', 'Vanadium', 13, 789),
('Equipment#790', 'EquipmentName790', 'Vanadium', 13, 790),
('Equipment#791', 'EquipmentName791', 'Vanadium', 13, 791),
('Equipment#792', 'EquipmentName792', 'Vanadium', 13, 792),
('Equipment#793', 'EquipmentName793', 'Vanadium', 13, 793),
('Equipment#794', 'EquipmentName794', 'Vanadium', 13, 794),
('Equipment#795', 'EquipmentName795', 'Vanadium', 13, 795),
('Equipment#796', 'EquipmentName796', 'Vanadium', 13, 796),
('Equipment#797', 'EquipmentName797', 'Vanadium', 13, 797),
('Equipment#798', 'EquipmentName798', 'Vanadium', 13, 798),
('Equipment#799', 'EquipmentName799', 'Vanadium', 13, 799),
('Equipment#800', 'EquipmentName800', 'Vanadium', 13, 800),
('Equipment#801', 'EquipmentName801', 'Vanadium', 13, 801),
('Equipment#802', 'EquipmentName802', 'Vanadium', 13, 802),
('Equipment#803', 'EquipmentName803', 'Vanadium', 13, 803),
('Equipment#804', 'EquipmentName804', 'Vanadium', 13, 804),
('Equipment#805', 'EquipmentName805', 'Vanadium', 13, 805),
('Equipment#806', 'EquipmentName806', 'Vanadium', 13, 806),
('Equipment#807', 'EquipmentName807', 'Vanadium', 13, 807),
('Equipment#808', 'EquipmentName808', 'Vanadium', 13, 808),
('Equipment#809', 'EquipmentName809', 'Vanadium', 13, 809),
('Equipment#810', 'EquipmentName810', 'Vanadium', 13, 810),
('Equipment#811', 'EquipmentName811', 'Vanadium', 13, 811),
('Equipment#812', 'EquipmentName812', 'Vanadium', 13, 812),
('Equipment#813', 'EquipmentName813', 'Vanadium', 13, 813),
('Equipment#814', 'EquipmentName814', 'Vanadium', 13, 814),
('Equipment#815', 'EquipmentName815', 'Vanadium', 13, 815),
('Equipment#816', 'EquipmentName816', 'Vanadium', 13, 816),
('Equipment#817', 'EquipmentName817', 'Vanadium', 13, 817),
('Equipment#818', 'EquipmentName818', 'Vanadium', 13, 818),
('Equipment#819', 'EquipmentName819', 'Vanadium', 13, 819),
('Equipment#820', 'EquipmentName820', 'Vanadium', 13, 820),
('Equipment#821', 'EquipmentName821', 'Vanadium', 13, 821),
('Equipment#822', 'EquipmentName822', 'Vanadium', 13, 822),
('Equipment#823', 'EquipmentName823', 'Vanadium', 13, 823),
('Equipment#824', 'EquipmentName824', 'Vanadium', 13, 824),
('Equipment#825', 'EquipmentName825', 'Vanadium', 13, 825),
('Equipment#826', 'EquipmentName826', 'Vanadium', 13, 826),
('Equipment#827', 'EquipmentName827', 'Vanadium', 13, 827),
('Equipment#828', 'EquipmentName828', 'Vanadium', 13, 828),
('Equipment#829', 'EquipmentName829', 'Vanadium', 13, 829),
('Equipment#830', 'EquipmentName830', 'Vanadium', 13, 830),
('Equipment#831', 'EquipmentName831', 'Vanadium', 13, 831),
('Equipment#832', 'EquipmentName832', 'Vanadium', 13, 832),
('Equipment#833', 'EquipmentName833', 'Vanadium', 13, 833),
('Equipment#834', 'EquipmentName834', 'Vanadium', 13, 834),
('Equipment#835', 'EquipmentName835', 'Vanadium', 13, 835),
('Equipment#836', 'EquipmentName836', 'Vanadium', 13, 836),
('Equipment#837', 'EquipmentName837', 'Vanadium', 13, 837),
('Equipment#838', 'EquipmentName838', 'Vanadium', 13, 838),
('Equipment#839', 'EquipmentName839', 'Vanadium', 13, 839),
('Equipment#840', 'EquipmentName840', 'Vanadium', 13, 840),
('Equipment#841', 'EquipmentName841', 'Vanadium', 13, 841),
('Equipment#842', 'EquipmentName842', 'Vanadium', 13, 842),
('Equipment#843', 'EquipmentName843', 'Vanadium', 13, 843),
('Equipment#844', 'EquipmentName844', 'Vanadium', 13, 844),
('Equipment#845', 'EquipmentName845', 'Vanadium', 13, 845),
('Equipment#846', 'EquipmentName846', 'Vanadium', 13, 846),
('Equipment#847', 'EquipmentName847', 'Vanadium', 13, 847),
('Equipment#848', 'EquipmentName848', 'Vanadium', 13, 848),
('Equipment#849', 'EquipmentName849', 'Vanadium', 13, 849),
('Equipment#850', 'EquipmentName850', 'Vanadium', 13, 850),
('Equipment#851', 'EquipmentName851', 'Vanadium', 13, 851),
('Equipment#852', 'EquipmentName852', 'Vanadium', 13, 852),
('Equipment#853', 'EquipmentName853', 'Vanadium', 13, 853),
('Equipment#854', 'EquipmentName854', 'Vanadium', 13, 854),
('Equipment#855', 'EquipmentName855', 'Vanadium', 13, 855),
('Equipment#856', 'EquipmentName856', 'Vanadium', 13, 856),
('Equipment#857', 'EquipmentName857', 'Vanadium', 13, 857),
('Equipment#858', 'EquipmentName858', 'Vanadium', 13, 858),
('Equipment#859', 'EquipmentName859', 'Vanadium', 13, 859),
('Equipment#860', 'EquipmentName860', 'Vanadium', 13, 860),
('Equipment#861', 'EquipmentName861', 'Vanadium', 13, 861),
('Equipment#862', 'EquipmentName862', 'Vanadium', 13, 862),
('Equipment#863', 'EquipmentName863', 'Vanadium', 13, 863),
('Equipment#864', 'EquipmentName864', 'Vanadium', 13, 864),
('Equipment#865', 'EquipmentName865', 'Vanadium', 13, 865),
('Equipment#866', 'EquipmentName866', 'Vanadium', 13, 866),
('Equipment#867', 'EquipmentName867', 'Vanadium', 13, 867),
('Equipment#868', 'EquipmentName868', 'Vanadium', 13, 868);
INSERT INTO `tblequipment` (`Equipment`, `EquipmentName`, `Circuit`, `CircuitID`, `EquipmentID`) VALUES
('Equipment#869', 'EquipmentName869', 'Vanadium', 13, 869),
('Equipment#870', 'EquipmentName870', 'Vanadium', 13, 870),
('Equipment#871', 'EquipmentName871', 'Vanadium', 13, 871),
('Equipment#872', 'EquipmentName872', 'Vanadium', 13, 872),
('Equipment#873', 'EquipmentName873', 'Vanadium', 13, 873),
('Equipment#874', 'EquipmentName874', 'Vanadium', 13, 874),
('Equipment#875', 'EquipmentName875', 'Vanadium', 13, 875),
('Equipment#876', 'EquipmentName876', 'Vanadium', 13, 876),
('Equipment#877', 'EquipmentName877', 'Vanadium', 13, 877),
('Equipment#878', 'EquipmentName878', 'Vanadium', 13, 878),
('Equipment#879', 'EquipmentName879', 'Vanadium', 13, 879),
('Equipment#880', 'EquipmentName880', 'Vanadium', 13, 880),
('Equipment#881', 'EquipmentName881', 'Vanadium', 13, 881),
('Equipment#882', 'EquipmentName882', 'Vanadium', 13, 882),
('Equipment#883', 'EquipmentName883', 'Vanadium', 13, 883),
('Equipment#884', 'EquipmentName884', 'Vanadium', 13, 884),
('Equipment#885', 'EquipmentName885', 'Vanadium', 13, 885),
('Equipment#886', 'EquipmentName886', 'Vanadium', 13, 886),
('Equipment#887', 'EquipmentName887', 'Vanadium', 13, 887),
('Equipment#888', 'EquipmentName888', 'Vanadium', 13, 888),
('Equipment#889', 'EquipmentName889', 'Vanadium', 13, 889),
('Equipment#890', 'EquipmentName890', 'Vanadium', 13, 890),
('Equipment#891', 'EquipmentName891', 'Vanadium', 13, 891),
('Equipment#892', 'EquipmentName892', 'Vanadium', 13, 892),
('Equipment#893', 'EquipmentName893', 'Vanadium', 13, 893),
('Equipment#894', 'EquipmentName894', 'Vanadium', 13, 894),
('Equipment#895', 'EquipmentName895', 'Vanadium', 13, 895),
('Equipment#896', 'EquipmentName896', 'Vanadium', 13, 896),
('Equipment#897', 'EquipmentName897', 'Vanadium', 13, 897),
('Equipment#898', 'EquipmentName898', 'Vanadium', 13, 898),
('Equipment#899', 'EquipmentName899', 'Vanadium', 13, 899),
('Equipment#900', 'EquipmentName900', 'Moly', 5, 900),
('Equipment#901', 'EquipmentName901', 'Moly', 5, 901),
('Equipment#902', 'EquipmentName902', 'Moly', 5, 902),
('Equipment#903', 'EquipmentName903', 'Moly', 5, 903),
('Equipment#904', 'EquipmentName904', 'Moly', 5, 904),
('Equipment#905', 'EquipmentName905', 'Moly', 5, 905),
('Equipment#906', 'EquipmentName906', 'Moly', 5, 906),
('Equipment#907', 'EquipmentName907', 'Moly', 5, 907),
('Equipment#908', 'EquipmentName908', 'Moly', 5, 908),
('Equipment#909', 'EquipmentName909', 'Moly', 5, 909),
('Equipment#910', 'EquipmentName910', 'Moly', 5, 910),
('Equipment#911', 'EquipmentName911', 'Moly', 5, 911),
('Equipment#912', 'EquipmentName912', 'Moly', 5, 912),
('Equipment#913', 'EquipmentName913', 'Moly', 5, 913),
('Equipment#914', 'EquipmentName914', 'Moly', 5, 914),
('Equipment#915', 'EquipmentName915', 'Moly', 5, 915),
('Equipment#916', 'EquipmentName916', 'Moly', 5, 916),
('Equipment#917', 'EquipmentName917', 'Moly', 5, 917),
('Equipment#918', 'EquipmentName918', 'Moly', 5, 918),
('Equipment#919', 'EquipmentName919', 'Moly', 5, 919),
('Equipment#920', 'EquipmentName920', 'Moly', 5, 920),
('Equipment#921', 'EquipmentName921', 'Moly', 5, 921),
('Equipment#922', 'EquipmentName922', 'Moly', 5, 922),
('Equipment#923', 'EquipmentName923', 'Moly', 5, 923),
('Equipment#924', 'EquipmentName924', 'Moly', 5, 924),
('Equipment#925', 'EquipmentName925', 'Moly', 5, 925),
('Equipment#926', 'EquipmentName926', 'Moly', 5, 926),
('Equipment#927', 'EquipmentName927', 'Moly', 5, 927),
('Equipment#928', 'EquipmentName928', 'Moly', 5, 928),
('Equipment#929', 'EquipmentName929', 'Moly', 5, 929),
('Equipment#930', 'EquipmentName930', 'Moly', 5, 930),
('Equipment#931', 'EquipmentName931', 'Moly', 5, 931),
('Equipment#932', 'EquipmentName932', 'Moly', 5, 932),
('Equipment#933', 'EquipmentName933', 'Moly', 5, 933),
('Equipment#934', 'EquipmentName934', 'Moly', 5, 934),
('Equipment#935', 'EquipmentName935', 'Moly', 5, 935),
('Equipment#936', 'EquipmentName936', 'Moly', 5, 936),
('Equipment#937', 'EquipmentName937', 'Moly', 5, 937),
('Equipment#938', 'EquipmentName938', 'Moly', 5, 938),
('Equipment#939', 'EquipmentName939', 'Moly', 5, 939),
('Equipment#940', 'EquipmentName940', 'Moly', 5, 940),
('Equipment#941', 'EquipmentName941', 'Moly', 5, 941),
('Equipment#942', 'EquipmentName942', 'Moly', 5, 942),
('Equipment#943', 'EquipmentName943', 'Moly', 5, 943),
('Equipment#944', 'EquipmentName944', 'Moly', 5, 944),
('Equipment#945', 'EquipmentName945', 'Moly', 5, 945),
('Equipment#946', 'EquipmentName946', 'Moly', 5, 946),
('Equipment#947', 'EquipmentName947', 'Moly', 5, 947),
('Equipment#948', 'EquipmentName948', 'Moly', 5, 948),
('Equipment#949', 'EquipmentName949', 'Moly', 5, 949),
('Equipment#950', 'EquipmentName950', 'Moly', 5, 950),
('Equipment#951', 'EquipmentName951', 'Moly', 5, 951),
('Equipment#952', 'EquipmentName952', 'Moly', 5, 952),
('Equipment#953', 'EquipmentName953', 'Moly', 5, 953),
('Equipment#954', 'EquipmentName954', 'Moly', 5, 954),
('Equipment#955', 'EquipmentName955', 'Moly', 5, 955),
('Equipment#956', 'EquipmentName956', 'Moly', 5, 956),
('Equipment#957', 'EquipmentName957', 'Moly', 5, 957),
('Equipment#958', 'EquipmentName958', 'Moly', 5, 958),
('Equipment#959', 'EquipmentName959', 'Moly', 5, 959),
('Equipment#960', 'EquipmentName960', 'Moly', 5, 960),
('Equipment#961', 'EquipmentName961', 'Moly', 5, 961),
('Equipment#962', 'EquipmentName962', 'Moly', 5, 962),
('Equipment#963', 'EquipmentName963', 'Moly', 5, 963),
('Equipment#964', 'EquipmentName964', 'Moly', 5, 964),
('Equipment#965', 'EquipmentName965', 'Moly', 5, 965),
('Equipment#966', 'EquipmentName966', 'Moly', 5, 966),
('Equipment#967', 'EquipmentName967', 'Moly', 5, 967),
('Equipment#968', 'EquipmentName968', 'Moly', 5, 968),
('Equipment#969', 'EquipmentName969', 'Moly', 5, 969),
('Equipment#970', 'EquipmentName970', 'Moly', 5, 970),
('Equipment#971', 'EquipmentName971', 'Moly', 5, 971),
('Equipment#972', 'EquipmentName972', 'Moly', 5, 972),
('Equipment#973', 'EquipmentName973', 'Moly', 5, 973),
('Equipment#974', 'EquipmentName974', 'Moly', 5, 974),
('Equipment#975', 'EquipmentName975', 'Moly', 5, 975),
('Equipment#976', 'EquipmentName976', 'Moly', 5, 976),
('Equipment#977', 'EquipmentName977', 'Moly', 5, 977),
('Equipment#978', 'EquipmentName978', 'Moly', 5, 978),
('Equipment#979', 'EquipmentName979', 'Moly', 5, 979),
('Equipment#980', 'EquipmentName980', 'Moly', 5, 980),
('Equipment#981', 'EquipmentName981', 'Moly', 5, 981),
('Equipment#982', 'EquipmentName982', 'Moly', 5, 982),
('Equipment#983', 'EquipmentName983', 'Moly', 5, 983),
('Equipment#984', 'EquipmentName984', 'Moly', 5, 984),
('Equipment#985', 'EquipmentName985', 'Moly', 5, 985),
('Equipment#986', 'EquipmentName986', 'Moly', 5, 986),
('Equipment#987', 'EquipmentName987', 'Moly', 5, 987),
('Equipment#988', 'EquipmentName988', 'Moly', 5, 988),
('Equipment#989', 'EquipmentName989', 'Moly', 5, 989),
('Equipment#990', 'EquipmentName990', 'Moly', 5, 990),
('Equipment#991', 'EquipmentName991', 'Moly', 5, 991),
('Equipment#992', 'EquipmentName992', 'Moly', 5, 992),
('Equipment#993', 'EquipmentName993', 'Moly', 5, 993),
('Equipment#994', 'EquipmentName994', 'Moly', 5, 994),
('Equipment#995', 'EquipmentName995', 'Moly', 5, 995),
('Equipment#996', 'EquipmentName996', 'Moly', 5, 996),
('Equipment#997', 'EquipmentName997', 'Moly', 5, 997),
('Equipment#998', 'EquipmentName998', 'Moly', 5, 998),
('Equipment#999', 'EquipmentName999', 'Moly', 5, 999),
('Equipment#1000', 'EquipmentName1000', 'Moly', 5, 1000),
('Equipment#1001', 'EquipmentName1001', 'Moly', 5, 1001),
('Equipment#1002', 'EquipmentName1002', 'Moly', 5, 1002),
('Equipment#1003', 'EquipmentName1003', 'Moly', 5, 1003),
('Equipment#1004', 'EquipmentName1004', 'Moly', 5, 1004),
('Equipment#1005', 'EquipmentName1005', 'Moly', 5, 1005),
('Equipment#1006', 'EquipmentName1006', 'Moly', 5, 1006),
('Equipment#1007', 'EquipmentName1007', 'Moly', 5, 1007),
('Equipment#1008', 'EquipmentName1008', 'Moly', 5, 1008),
('Equipment#1009', 'EquipmentName1009', 'Moly', 5, 1009),
('Equipment#1010', 'EquipmentName1010', 'Moly', 5, 1010),
('Equipment#1011', 'EquipmentName1011', 'Moly', 5, 1011),
('Equipment#1012', 'EquipmentName1012', 'Moly', 5, 1012),
('Equipment#1013', 'EquipmentName1013', 'Moly', 5, 1013),
('Equipment#1014', 'EquipmentName1014', 'Moly', 5, 1014),
('Equipment#1015', 'EquipmentName1015', 'Moly', 5, 1015),
('Equipment#1016', 'EquipmentName1016', 'Moly', 5, 1016),
('Equipment#1017', 'EquipmentName1017', 'Moly', 5, 1017),
('Equipment#1018', 'EquipmentName1018', 'Moly', 5, 1018),
('Equipment#1019', 'EquipmentName1019', 'Moly', 5, 1019),
('Equipment#1020', 'EquipmentName1020', 'Utilities', 12, 1020),
('Equipment#1021', 'EquipmentName1021', 'Utilities', 12, 1021),
('Equipment#1022', 'EquipmentName1022', 'Utilities', 12, 1022),
('Equipment#1023', 'EquipmentName1023', 'Utilities', 12, 1023),
('Equipment#1024', 'EquipmentName1024', 'Utilities', 12, 1024),
('Equipment#1025', 'EquipmentName1025', 'Utilities', 12, 1025),
('Equipment#1026', 'EquipmentName1026', 'Utilities', 12, 1026),
('Equipment#1027', 'EquipmentName1027', 'Utilities', 12, 1027),
('Equipment#1028', 'EquipmentName1028', 'Utilities', 12, 1028),
('Equipment#1029', 'EquipmentName1029', 'Utilities', 12, 1029),
('Equipment#1030', 'EquipmentName1030', 'Utilities', 12, 1030),
('Equipment#1031', 'EquipmentName1031', 'Utilities', 12, 1031),
('Equipment#1032', 'EquipmentName1032', 'Utilities', 12, 1032),
('Equipment#1033', 'EquipmentName1033', 'Utilities', 12, 1033),
('Equipment#1034', 'EquipmentName1034', 'Utilities', 12, 1034),
('Equipment#1035', 'EquipmentName1035', 'Utilities', 12, 1035),
('Equipment#1036', 'EquipmentName1036', 'Utilities', 12, 1036),
('Equipment#1037', 'EquipmentName1037', 'Utilities', 12, 1037),
('Equipment#1038', 'EquipmentName1038', 'Utilities', 12, 1038),
('Equipment#1039', 'EquipmentName1039', 'Utilities', 12, 1039),
('Equipment#1040', 'EquipmentName1040', 'Utilities', 12, 1040),
('Equipment#1041', 'EquipmentName1041', 'Utilities', 12, 1041),
('Equipment#1042', 'EquipmentName1042', 'Utilities', 12, 1042),
('Equipment#1043', 'EquipmentName1043', 'Utilities', 12, 1043),
('Equipment#1044', 'EquipmentName1044', 'Utilities', 12, 1044),
('Equipment#1045', 'EquipmentName1045', 'Utilities', 12, 1045),
('Equipment#1046', 'EquipmentName1046', 'Utilities', 12, 1046),
('Equipment#1047', 'EquipmentName1047', 'Utilities', 12, 1047),
('Equipment#1048', 'EquipmentName1048', 'Utilities', 12, 1048),
('Equipment#1049', 'EquipmentName1049', 'Utilities', 12, 1049),
('Equipment#1050', 'EquipmentName1050', 'Utilities', 12, 1050),
('Equipment#1051', 'EquipmentName1051', 'M/V', 4, 1051),
('Equipment#1052', 'EquipmentName1052', 'M/V', 4, 1052),
('Equipment#1053', 'EquipmentName1053', 'M/V', 4, 1053),
('Equipment#1054', 'EquipmentName1054', 'M/V', 4, 1054),
('Equipment#1055', 'EquipmentName1055', 'M/V', 4, 1055),
('Equipment#1056', 'EquipmentName1056', 'M/V', 4, 1056),
('Equipment#1057', 'EquipmentName1057', 'M/V', 4, 1057),
('Equipment#1058', 'EquipmentName1058', 'M/V', 4, 1058),
('Equipment#1059', 'EquipmentName1059', 'M/V', 4, 1059),
('Equipment#1060', 'EquipmentName1060', 'M/V', 4, 1060),
('Equipment#1061', 'EquipmentName1061', 'M/V', 4, 1061),
('Equipment#1062', 'EquipmentName1062', 'M/V', 4, 1062),
('Equipment#1063', 'EquipmentName1063', 'M/V', 4, 1063),
('Equipment#1064', 'EquipmentName1064', 'M/V', 4, 1064),
('Equipment#1065', 'EquipmentName1065', 'M/V', 4, 1065),
('Equipment#1066', 'EquipmentName1066', 'M/V', 4, 1066),
('Equipment#1067', 'EquipmentName1067', 'M/V', 4, 1067),
('Equipment#1068', 'EquipmentName1068', 'M/V', 4, 1068),
('Equipment#1069', 'EquipmentName1069', 'M/V', 4, 1069),
('Equipment#1070', 'EquipmentName1070', 'M/V', 4, 1070),
('Equipment#1071', 'EquipmentName1071', 'M/V', 4, 1071),
('Equipment#1072', 'EquipmentName1072', 'M/V', 4, 1072),
('Equipment#1073', 'EquipmentName1073', 'M/V', 4, 1073),
('Equipment#1074', 'EquipmentName1074', 'M/V', 4, 1074),
('Equipment#1075', 'EquipmentName1075', 'M/V', 4, 1075),
('Equipment#1076', 'EquipmentName1076', 'M/V', 4, 1076),
('Equipment#1077', 'EquipmentName1077', 'M/V', 4, 1077),
('Equipment#1078', 'EquipmentName1078', 'M/V', 4, 1078),
('Equipment#1079', 'EquipmentName1079', 'M/V', 4, 1079),
('Equipment#1080', 'EquipmentName1080', 'M/V', 4, 1080),
('Equipment#1081', 'EquipmentName1081', 'M/V', 4, 1081),
('Equipment#1082', 'EquipmentName1082', 'M/V', 4, 1082),
('Equipment#1083', 'EquipmentName1083', 'M/V', 4, 1083),
('Equipment#1084', 'EquipmentName1084', 'M/V', 4, 1084),
('Equipment#1085', 'EquipmentName1085', 'M/V', 4, 1085),
('Equipment#1086', 'EquipmentName1086', 'M/V', 4, 1086),
('Equipment#1087', 'EquipmentName1087', 'M/V', 4, 1087),
('Equipment#1088', 'EquipmentName1088', 'Moly', 5, 1088),
('Equipment#1089', 'EquipmentName1089', 'Moly', 5, 1089),
('Equipment#1090', 'EquipmentName1090', 'Utilities', 12, 1090),
('Equipment#1091', 'EquipmentName1091', 'Utilities', 12, 1091),
('Equipment#1092', 'EquipmentName1092', 'Utilities', 12, 1092),
('Equipment#1093', 'EquipmentName1093', 'Utilities', 12, 1093),
('Equipment#1094', 'EquipmentName1094', 'M/V', 4, 1094),
('Equipment#1095', 'EquipmentName1095', 'M/V', 4, 1095),
('Equipment#1096', 'EquipmentName1096', 'M/V', 4, 1096),
('Equipment#1097', 'EquipmentName1097', 'M/V', 4, 1097),
('Equipment#1098', 'EquipmentName1098', 'M/V', 4, 1098),
('Equipment#1099', 'EquipmentName1099', 'M/V', 4, 1099),
('Equipment#1100', 'EquipmentName1100', 'M/V', 4, 1100),
('Equipment#1101', 'EquipmentName1101', 'M/V', 4, 1101),
('Equipment#1102', 'EquipmentName1102', 'M/V', 4, 1102),
('Equipment#1103', 'EquipmentName1103', 'M/V', 4, 1103),
('Equipment#1104', 'EquipmentName1104', 'M/V', 4, 1104),
('Equipment#1105', 'EquipmentName1105', 'M/V', 4, 1105),
('Equipment#1106', 'EquipmentName1106', 'M/V', 4, 1106),
('Equipment#1107', 'EquipmentName1107', 'M/V', 4, 1107),
('Equipment#1108', 'EquipmentName1108', 'M/V', 4, 1108),
('Equipment#1109', 'EquipmentName1109', 'M/V', 4, 1109),
('Equipment#1110', 'EquipmentName1110', 'M/V', 4, 1110),
('Equipment#1111', 'EquipmentName1111', 'M/V', 4, 1111),
('Equipment#1112', 'EquipmentName1112', 'M/V', 4, 1112),
('Equipment#1113', 'EquipmentName1113', 'M/V', 4, 1113),
('Equipment#1114', 'EquipmentName1114', 'M/V', 4, 1114),
('Equipment#1115', 'EquipmentName1115', 'M/V', 4, 1115),
('Equipment#1116', 'EquipmentName1116', 'Utilities', 12, 1116),
('Equipment#1117', 'EquipmentName1117', 'Utilities', 12, 1117),
('Equipment#1118', 'EquipmentName1118', 'Utilities', 12, 1118),
('Equipment#1119', 'EquipmentName1119', 'Utilities', 12, 1119),
('Equipment#1120', 'EquipmentName1120', 'Utilities', 12, 1120),
('Equipment#1121', 'EquipmentName1121', 'Utilities', 12, 1121),
('Equipment#1122', 'EquipmentName1122', 'Utilities', 12, 1122),
('Equipment#1123', 'EquipmentName1123', 'Utilities', 12, 1123),
('Equipment#1124', 'EquipmentName1124', 'Utilities', 12, 1124),
('Equipment#1125', 'EquipmentName1125', 'Utilities', 12, 1125),
('Equipment#1126', 'EquipmentName1126', 'M/V', 4, 1126),
('Equipment#1127', 'EquipmentName1127', 'M/V', 4, 1127),
('Equipment#1128', 'EquipmentName1128', 'M/V', 4, 1128),
('Equipment#1129', 'EquipmentName1129', 'M/V', 4, 1129),
('Equipment#1130', 'EquipmentName1130', 'M/V', 4, 1130),
('Equipment#1131', 'EquipmentName1131', 'M/V', 4, 1131),
('Equipment#1132', 'EquipmentName1132', 'M/V', 4, 1132),
('Equipment#1133', 'EquipmentName1133', 'M/V', 4, 1133),
('Equipment#1134', 'EquipmentName1134', 'M/V', 4, 1134),
('Equipment#1135', 'EquipmentName1135', 'M/V', 4, 1135),
('Equipment#1136', 'EquipmentName1136', 'M/V', 4, 1136),
('Equipment#1137', 'EquipmentName1137', 'M/V', 4, 1137),
('Equipment#1138', 'EquipmentName1138', 'M/V', 4, 1138),
('Equipment#1139', 'EquipmentName1139', 'M/V', 4, 1139),
('Equipment#1140', 'EquipmentName1140', 'M/V', 4, 1140),
('Equipment#1141', 'EquipmentName1141', 'Utilities', 12, 1141),
('Equipment#1142', 'EquipmentName1142', 'Utilities', 12, 1142),
('Equipment#1143', 'EquipmentName1143', 'Utilities', 12, 1143),
('Equipment#1144', 'EquipmentName1144', 'Utilities', 12, 1144),
('Equipment#1145', 'EquipmentName1145', 'Utilities', 12, 1145),
('Equipment#1146', 'EquipmentName1146', 'Roasting', 9, 1146),
('Equipment#1147', 'EquipmentName1147', 'Roasting', 9, 1147),
('Equipment#1148', 'EquipmentName1148', 'Roasting', 9, 1148),
('Equipment#1149', 'EquipmentName1149', 'Solvent', 10, 1149),
('Equipment#1150', 'EquipmentName1150', 'Utilities', 12, 1150),
('Equipment#1151', 'EquipmentName1151', 'Roasting', 9, 1151),
('Equipment#1152', 'EquipmentName1152', 'Roasting', 9, 1152),
('Equipment#1153', 'EquipmentName1153', 'Utilities', 12, 1153),
('Equipment#1154', 'EquipmentName1154', 'Utilities', 12, 1154),
('Equipment#1155', 'EquipmentName1155', 'Roasting', 9, 1155),
('Equipment#1156', 'EquipmentName1156', 'Roasting', 9, 1156),
('Equipment#1157', 'EquipmentName1157', 'Roasting', 9, 1157),
('Equipment#1158', 'EquipmentName1158', 'M/V', 4, 1158),
('Equipment#1159', 'EquipmentName1159', 'M/V', 4, 1159),
('Equipment#1160', 'EquipmentName1160', 'Solvent', 10, 1160),
('Equipment#1161', 'EquipmentName1161', 'Solvent', 10, 1161),
('Equipment#1162', 'EquipmentName1162', 'Utilities', 12, 1162),
('Equipment#1163', 'EquipmentName1163', 'Utilities', 12, 1163),
('Equipment#1164', 'EquipmentName1164', 'Utilities', 12, 1164),
('Equipment#1165', 'EquipmentName1165', 'Utilities', 12, 1165),
('Equipment#1166', 'EquipmentName1166', 'Leaching', 3, 1166),
('Equipment#1167', 'EquipmentName1167', 'Roasting', 9, 1167),
('Equipment#1168', 'EquipmentName1168', 'Roasting', 9, 1168),
('Equipment#1169', 'EquipmentName1169', 'Leaching', 3, 1169),
('Equipment#1170', 'EquipmentName1170', 'Solvent', 10, 1170),
('Equipment#1171', 'EquipmentName1171', 'Solvent', 10, 1171),
('Equipment#1172', 'EquipmentName1172', 'Utilities', 12, 1172),
('Equipment#1173', 'EquipmentName1173', 'Lanthanium', 2, 1173),
('Equipment#1174', 'EquipmentName1174', 'Utilities', 12, 1174),
('Equipment#1175', 'EquipmentName1175', 'Utilities', 12, 1175),
('Equipment#1176', 'EquipmentName1176', 'Utilities', 12, 1176),
('Equipment#1177', 'EquipmentName1177', 'Solvent', 10, 1177),
('Equipment#1178', 'EquipmentName1178', 'Utilities', 12, 1178),
('Equipment#1179', 'EquipmentName1179', 'Utilities', 12, 1179),
('Equipment#1180', 'EquipmentName1180', 'Roasting', 9, 1180),
('Equipment#1181', 'EquipmentName1181', 'Roasting', 9, 1181),
('Equipment#1182', 'EquipmentName1182', 'Plant Civil', 6, 1182),
('Equipment#1183', 'EquipmentName1183', 'Utilities', 12, 1183),
('Equipment#1184', 'EquipmentName1184', 'Utilities', 12, 1184),
('Equipment#1185', 'EquipmentName1185', 'Utilities', 12, 1185),
('Equipment#1186', 'EquipmentName1186', 'Utilities', 12, 1186),
('Equipment#1187', 'EquipmentName1187', 'Utilities', 12, 1187),
('Equipment#1188', 'EquipmentName1188', 'Utilities', 12, 1188),
('Equipment#1189', 'EquipmentName1189', 'Utilities', 12, 1189),
('Equipment#1190', 'EquipmentName1190', 'Utilities', 12, 1190),
('Equipment#1191', 'EquipmentName1191', 'Utilities', 12, 1191),
('Equipment#1192', 'EquipmentName1192', 'Utilities', 12, 1192),
('Equipment#1193', 'EquipmentName1193', 'Utilities', 12, 1193),
('Equipment#1194', 'EquipmentName1194', 'Utilities', 12, 1194),
('Equipment#1195', 'EquipmentName1195', 'Utilities', 12, 1195),
('Equipment#1196', 'EquipmentName1196', 'Utilities', 12, 1196),
('Equipment#1197', 'EquipmentName1197', 'Utilities', 12, 1197),
('Equipment#1198', 'EquipmentName1198', 'Utilities', 12, 1198),
('Equipment#1199', 'EquipmentName1199', 'Utilities', 12, 1199),
('Equipment#1200', 'EquipmentName1200', 'Utilities', 12, 1200),
('Equipment#1201', 'EquipmentName1201', 'Utilities', 12, 1201),
('Equipment#1202', 'EquipmentName1202', 'Utilities', 12, 1202),
('Equipment#1203', 'EquipmentName1203', 'Utilities', 12, 1203),
('Equipment#1204', 'EquipmentName1204', 'Utilities', 12, 1204),
('Equipment#1205', 'EquipmentName1205', 'Utilities', 12, 1205),
('Equipment#1206', 'EquipmentName1206', 'Utilities', 12, 1206),
('Equipment#1207', 'EquipmentName1207', 'Utilities', 12, 1207),
('Equipment#1208', 'EquipmentName1208', 'Utilities', 12, 1208),
('Equipment#1209', 'EquipmentName1209', 'Utilities', 12, 1209),
('Equipment#1210', 'EquipmentName1210', 'Plant Civil', 6, 1210),
('Equipment#1211', 'EquipmentName1211', 'Plant Civil', 6, 1211),
('Equipment#1212', 'EquipmentName1212', 'Plant Civil', 6, 1212),
('Equipment#1213', 'EquipmentName1213', 'Plant Civil', 6, 1213),
('Equipment#1214', 'EquipmentName1214', 'Plant Civil', 6, 1214),
('Equipment#1215', 'EquipmentName1215', 'Plant Civil', 6, 1215),
('Equipment#1216', 'EquipmentName1216', 'Plant Civil', 6, 1216),
('Equipment#1217', 'EquipmentName1217', 'Plant Civil', 6, 1217),
('Equipment#1218', 'EquipmentName1218', 'Plant Civil', 6, 1218),
('Equipment#1219', 'EquipmentName1219', 'Plant Civil', 6, 1219),
('Equipment#1220', 'EquipmentName1220', 'Plant Civil', 6, 1220),
('Equipment#1221', 'EquipmentName1221', 'Plant Civil', 6, 1221),
('Equipment#1222', 'EquipmentName1222', 'Plant Civil', 6, 1222),
('Equipment#1223', 'EquipmentName1223', 'Plant Civil', 6, 1223),
('Equipment#1224', 'EquipmentName1224', 'Plant Civil', 6, 1224),
('Equipment#1225', 'EquipmentName1225', 'Plant Civil', 6, 1225),
('Equipment#1226', 'EquipmentName1226', 'Plant Civil', 6, 1226),
('Equipment#1227', 'EquipmentName1227', 'Plant Civil', 6, 1227),
('Equipment#1228', 'EquipmentName1228', 'Plant Civil', 6, 1228),
('Equipment#1229', 'EquipmentName1229', 'Plant Civil', 6, 1229),
('Equipment#1230', 'EquipmentName1230', 'Plant Civil', 6, 1230),
('Equipment#1231', 'EquipmentName1231', 'Plant Civil', 6, 1231),
('Equipment#1232', 'EquipmentName1232', 'Plant Civil', 6, 1232),
('Equipment#1233', 'EquipmentName1233', 'Plant Civil', 6, 1233),
('Equipment#1234', 'EquipmentName1234', 'Plant Civil', 6, 1234),
('Equipment#1235', 'EquipmentName1235', 'Plant Civil', 6, 1235),
('Equipment#1236', 'EquipmentName1236', 'Plant Civil', 6, 1236),
('Equipment#1237', 'EquipmentName1237', 'Plant Civil', 6, 1237),
('Equipment#1238', 'EquipmentName1238', 'Plant Civil', 6, 1238),
('Equipment#1239', 'EquipmentName1239', 'Plant Civil', 6, 1239),
('Equipment#1240', 'EquipmentName1240', 'Plant Civil', 6, 1240),
('Equipment#1241', 'EquipmentName1241', 'Plant Civil', 6, 1241),
('Equipment#1242', 'EquipmentName1242', 'Plant Civil', 6, 1242),
('Equipment#1243', 'EquipmentName1243', 'Plant Civil', 6, 1243),
('Equipment#1244', 'EquipmentName1244', 'Plant Civil', 6, 1244),
('Equipment#1245', 'EquipmentName1245', 'Plant Civil', 6, 1245),
('Equipment#1246', 'EquipmentName1246', 'Plant Civil', 6, 1246),
('Equipment#1247', 'EquipmentName1247', 'Plant Civil', 6, 1247),
('Equipment#1248', 'EquipmentName1248', 'Plant Civil', 6, 1248),
('Equipment#1249', 'EquipmentName1249', 'Plant Civil', 6, 1249),
('Equipment#1250', 'EquipmentName1250', 'Plant Civil', 6, 1250),
('Equipment#1251', 'EquipmentName1251', 'Plant Civil', 6, 1251),
('Equipment#1252', 'EquipmentName1252', 'Plant Civil', 6, 1252),
('Equipment#1253', 'EquipmentName1253', 'Plant Civil', 6, 1253),
('Equipment#1254', 'EquipmentName1254', 'Plant Civil', 6, 1254),
('Equipment#1255', 'EquipmentName1255', 'Plant Civil', 6, 1255),
('Equipment#1256', 'EquipmentName1256', 'Plant Civil', 6, 1256),
('Equipment#1257', 'EquipmentName1257', 'Plant Civil', 6, 1257),
('Equipment#1258', 'EquipmentName1258', 'Plant Civil', 6, 1258),
('Equipment#1259', 'EquipmentName1259', 'Plant Civil', 6, 1259),
('Equipment#1260', 'EquipmentName1260', 'Plant Civil', 6, 1260),
('Equipment#1261', 'EquipmentName1261', 'Plant Civil', 6, 1261),
('Equipment#1262', 'EquipmentName1262', 'Plant Civil', 6, 1262),
('Equipment#1263', 'EquipmentName1263', 'Plant Civil', 6, 1263),
('Equipment#1264', 'EquipmentName1264', 'Plant Civil', 6, 1264),
('Equipment#1265', 'EquipmentName1265', 'Plant Civil', 6, 1265),
('Equipment#1266', 'EquipmentName1266', 'Plant Civil', 6, 1266),
('Equipment#1267', 'EquipmentName1267', 'Plant Civil', 6, 1267),
('Equipment#1268', 'EquipmentName1268', 'Plant Civil', 6, 1268),
('Equipment#1269', 'EquipmentName1269', 'Plant Civil', 6, 1269),
('Equipment#1270', 'EquipmentName1270', 'Plant Civil', 6, 1270),
('Equipment#1271', 'EquipmentName1271', 'Plant Civil', 6, 1271),
('Equipment#1272', 'EquipmentName1272', 'Plant Civil', 6, 1272),
('Equipment#1273', 'EquipmentName1273', 'Plant Civil', 6, 1273),
('Equipment#1274', 'EquipmentName1274', 'Plant Civil', 6, 1274),
('Equipment#1275', 'EquipmentName1275', 'Plant Civil', 6, 1275),
('Equipment#1276', 'EquipmentName1276', 'Plant Civil', 6, 1276),
('Equipment#1277', 'EquipmentName1277', 'Plant Civil', 6, 1277),
('Equipment#1278', 'EquipmentName1278', 'Plant Civil', 6, 1278),
('Equipment#1279', 'EquipmentName1279', 'Plant Civil', 6, 1279),
('Equipment#1280', 'EquipmentName1280', 'Plant Civil', 6, 1280),
('Equipment#1281', 'EquipmentName1281', 'Plant Civil', 6, 1281),
('Equipment#1282', 'EquipmentName1282', 'Plant Civil', 6, 1282),
('Equipment#1283', 'EquipmentName1283', 'Plant Civil', 6, 1283),
('Equipment#1284', 'EquipmentName1284', 'Plant Civil', 6, 1284),
('Equipment#1285', 'EquipmentName1285', 'Plant Civil', 6, 1285),
('Equipment#1286', 'EquipmentName1286', 'Plant Civil', 6, 1286),
('Equipment#1287', 'EquipmentName1287', 'Plant Civil', 6, 1287),
('Equipment#1288', 'EquipmentName1288', 'Plant Civil', 6, 1288),
('Equipment#1289', 'EquipmentName1289', 'Plant Civil', 6, 1289),
('Equipment#1290', 'EquipmentName1290', 'Plant Civil', 6, 1290),
('Equipment#1291', 'EquipmentName1291', 'Plant Civil', 6, 1291),
('Equipment#1292', 'EquipmentName1292', 'Plant Civil', 6, 1292),
('Equipment#1293', 'EquipmentName1293', 'Plant Civil', 6, 1293),
('Equipment#1294', 'EquipmentName1294', 'Plant Civil', 6, 1294),
('Equipment#1295', 'EquipmentName1295', 'Plant Civil', 6, 1295),
('Equipment#1296', 'EquipmentName1296', 'Plant Civil', 6, 1296),
('Equipment#1297', 'EquipmentName1297', 'Plant Civil', 6, 1297),
('Equipment#1298', 'EquipmentName1298', 'Plant Civil', 6, 1298),
('Equipment#1299', 'EquipmentName1299', 'Plant Civil', 6, 1299),
('Equipment#1300', 'EquipmentName1300', 'Plant Civil', 6, 1300),
('Equipment#1301', 'EquipmentName1301', 'Plant Civil', 6, 1301),
('Equipment#1302', 'EquipmentName1302', 'Plant Civil', 6, 1302),
('Equipment#1303', 'EquipmentName1303', 'Plant Civil', 6, 1303),
('Equipment#1304', 'EquipmentName1304', 'Plant Civil', 6, 1304),
('Equipment#1305', 'EquipmentName1305', 'Plant Civil', 6, 1305),
('Equipment#1306', 'EquipmentName1306', 'Plant Civil', 6, 1306),
('Equipment#1307', 'EquipmentName1307', 'Plant Civil', 6, 1307),
('Equipment#1308', 'EquipmentName1308', 'Plant Civil', 6, 1308),
('Equipment#1309', 'EquipmentName1309', 'Plant Civil', 6, 1309),
('Equipment#1310', 'EquipmentName1310', 'Plant Civil', 6, 1310),
('Equipment#1311', 'EquipmentName1311', 'Plant Civil', 6, 1311),
('Equipment#1312', 'EquipmentName1312', 'Plant Civil', 6, 1312),
('Equipment#1313', 'EquipmentName1313', 'Plant Civil', 6, 1313),
('Equipment#1314', 'EquipmentName1314', 'Plant Civil', 6, 1314),
('Equipment#1315', 'EquipmentName1315', 'Plant Civil', 6, 1315),
('Equipment#1316', 'EquipmentName1316', 'Plant Civil', 6, 1316),
('Equipment#1317', 'EquipmentName1317', 'Plant Civil', 6, 1317),
('Equipment#1318', 'EquipmentName1318', 'Plant Civil', 6, 1318),
('Equipment#1319', 'EquipmentName1319', 'Plant Civil', 6, 1319),
('Equipment#1320', 'EquipmentName1320', 'Plant Civil', 6, 1320),
('Equipment#1321', 'EquipmentName1321', 'Plant Civil', 6, 1321),
('Equipment#1322', 'EquipmentName1322', 'Plant Civil', 6, 1322),
('Equipment#1323', 'EquipmentName1323', 'Plant Civil', 6, 1323),
('Equipment#1324', 'EquipmentName1324', 'Plant Civil', 6, 1324),
('Equipment#1325', 'EquipmentName1325', 'Plant Civil', 6, 1325),
('Equipment#1326', 'EquipmentName1326', 'Plant Civil', 6, 1326),
('Equipment#1327', 'EquipmentName1327', 'Plant Civil', 6, 1327),
('Equipment#1328', 'EquipmentName1328', 'Plant Civil', 6, 1328),
('Equipment#1329', 'EquipmentName1329', 'Plant Civil', 6, 1329),
('Equipment#1330', 'EquipmentName1330', 'Plant Civil', 6, 1330),
('Equipment#1331', 'EquipmentName1331', 'Plant Civil', 6, 1331),
('Equipment#1332', 'EquipmentName1332', 'Plant Civil', 6, 1332),
('Equipment#1333', 'EquipmentName1333', 'Plant Civil', 6, 1333),
('Equipment#1334', 'EquipmentName1334', 'Plant Civil', 6, 1334),
('Equipment#1335', 'EquipmentName1335', 'Plant Civil', 6, 1335),
('Equipment#1336', 'EquipmentName1336', 'Plant Civil', 6, 1336),
('Equipment#1337', 'EquipmentName1337', 'Plant Civil', 6, 1337),
('Equipment#1338', 'EquipmentName1338', 'Plant Civil', 6, 1338),
('Equipment#1339', 'EquipmentName1339', 'Plant Civil', 6, 1339),
('Equipment#1340', 'EquipmentName1340', 'Plant Civil', 6, 1340),
('Equipment#1341', 'EquipmentName1341', 'Plant Civil', 6, 1341),
('Equipment#1342', 'EquipmentName1342', 'Plant Civil', 6, 1342),
('Equipment#1343', 'EquipmentName1343', 'Plant Civil', 6, 1343),
('Equipment#1344', 'EquipmentName1344', 'Plant Civil', 6, 1344),
('Equipment#1345', 'EquipmentName1345', 'Plant Civil', 6, 1345),
('Equipment#1346', 'EquipmentName1346', 'Plant Civil', 6, 1346),
('Equipment#1347', 'EquipmentName1347', 'Plant Civil', 6, 1347),
('Equipment#1348', 'EquipmentName1348', 'Plant Civil', 6, 1348),
('Equipment#1349', 'EquipmentName1349', 'Plant Civil', 6, 1349),
('Equipment#1350', 'EquipmentName1350', 'Plant Civil', 6, 1350),
('Equipment#1351', 'EquipmentName1351', 'Plant Civil', 6, 1351),
('Equipment#1352', 'EquipmentName1352', 'Plant Civil', 6, 1352),
('Equipment#1353', 'EquipmentName1353', 'Plant Civil', 6, 1353),
('Equipment#1354', 'EquipmentName1354', 'Plant Civil', 6, 1354),
('Equipment#1355', 'EquipmentName1355', 'Plant Civil', 6, 1355),
('Equipment#1356', 'EquipmentName1356', 'Plant Civil', 6, 1356),
('Equipment#1357', 'EquipmentName1357', 'Plant Civil', 6, 1357),
('Equipment#1358', 'EquipmentName1358', 'Plant Civil', 6, 1358),
('Equipment#1359', 'EquipmentName1359', 'Plant Civil', 6, 1359),
('Equipment#1360', 'EquipmentName1360', 'Plant Civil', 6, 1360),
('Equipment#1361', 'EquipmentName1361', 'Plant Civil', 6, 1361),
('Equipment#1362', 'EquipmentName1362', 'Plant Civil', 6, 1362),
('Equipment#1363', 'EquipmentName1363', 'Plant Civil', 6, 1363),
('Equipment#1364', 'EquipmentName1364', 'Plant Civil', 6, 1364),
('Equipment#1365', 'EquipmentName1365', 'Plant Civil', 6, 1365),
('Equipment#1366', 'EquipmentName1366', 'Plant Civil', 6, 1366),
('Equipment#1367', 'EquipmentName1367', 'Plant Civil', 6, 1367),
('Equipment#1368', 'EquipmentName1368', 'Plant Civil', 6, 1368),
('Equipment#1369', 'EquipmentName1369', 'Plant Civil', 6, 1369),
('Equipment#1370', 'EquipmentName1370', 'Plant Civil', 6, 1370),
('Equipment#1371', 'EquipmentName1371', 'Plant Civil', 6, 1371),
('Equipment#1372', 'EquipmentName1372', 'Plant Civil', 6, 1372),
('Equipment#1373', 'EquipmentName1373', 'Plant Civil', 6, 1373),
('Equipment#1374', 'EquipmentName1374', 'Plant Civil', 6, 1374),
('Equipment#1375', 'EquipmentName1375', 'Plant Civil', 6, 1375),
('Equipment#1376', 'EquipmentName1376', 'Plant Civil', 6, 1376),
('Equipment#1377', 'EquipmentName1377', 'Plant Civil', 6, 1377),
('Equipment#1378', 'EquipmentName1378', 'Plant Civil', 6, 1378),
('Equipment#1379', 'EquipmentName1379', 'Plant Civil', 6, 1379),
('Equipment#1380', 'EquipmentName1380', 'Plant Civil', 6, 1380),
('Equipment#1381', 'EquipmentName1381', 'Plant Civil', 6, 1381),
('Equipment#1382', 'EquipmentName1382', 'Plant Civil', 6, 1382),
('Equipment#1383', 'EquipmentName1383', 'Plant Civil', 6, 1383),
('Equipment#1384', 'EquipmentName1384', 'Plant Civil', 6, 1384),
('Equipment#1385', 'EquipmentName1385', 'Plant Civil', 6, 1385),
('Equipment#1386', 'EquipmentName1386', 'Plant Civil', 6, 1386),
('Equipment#1387', 'EquipmentName1387', 'Plant Civil', 6, 1387),
('Equipment#1388', 'EquipmentName1388', 'Plant Civil', 6, 1388),
('Equipment#1389', 'EquipmentName1389', 'Roasting', 9, 1389),
('Equipment#1390', 'EquipmentName1390', 'Pyro Roasting', 8, 1390),
('Equipment#1391', 'EquipmentName1391', 'Utilities', 12, 1391),
('Equipment#1392', 'EquipmentName1392', 'Utilities', 12, 1392),
('Equipment#1393', 'EquipmentName1393', 'Utilities', 12, 1393),
('Equipment#1394', 'EquipmentName1394', 'Utilities', 12, 1394),
('Equipment#1395', 'EquipmentName1395', 'Utilities', 12, 1395),
('Equipment#1396', 'EquipmentName1396', 'Utilities', 12, 1396),
('Equipment#1397', 'EquipmentName1397', 'Lanthanium', 2, 1397),
('Equipment#1398', 'EquipmentName1398', 'Lanthanium', 2, 1398),
('Equipment#1399', 'EquipmentName1399', 'Lanthanium', 2, 1399),
('Equipment#1400', 'EquipmentName1400', 'Lanthanium', 2, 1400),
('Equipment#1401', 'EquipmentName1401', 'Lanthanium', 2, 1401),
('Equipment#1402', 'EquipmentName1402', 'Lanthanium', 2, 1402),
('Equipment#1403', 'EquipmentName1403', 'Lanthanium', 2, 1403),
('Equipment#1404', 'EquipmentName1404', 'Lanthanium', 2, 1404),
('Equipment#1405', 'EquipmentName1405', 'Lanthanium', 2, 1405),
('Equipment#1406', 'EquipmentName1406', 'Lanthanium', 2, 1406),
('Equipment#1407', 'EquipmentName1407', 'Lanthanium', 2, 1407),
('Equipment#1408', 'EquipmentName1408', 'Lanthanium', 2, 1408),
('Equipment#1409', 'EquipmentName1409', 'Lanthanium', 2, 1409),
('Equipment#1410', 'EquipmentName1410', 'Lanthanium', 2, 1410),
('Equipment#1411', 'EquipmentName1411', 'Lanthanium', 2, 1411),
('Equipment#1412', 'EquipmentName1412', 'Lanthanium', 2, 1412),
('Equipment#1413', 'EquipmentName1413', 'Lanthanium', 2, 1413),
('Equipment#1414', 'EquipmentName1414', 'Lanthanium', 2, 1414),
('Equipment#1416', 'EquipmentName1416', '', 8, 1416),
('Equipment#1417', 'EquipmentName1417', '', 8, 1417),
('Equipment#1418', 'EquipmentName1418', '', 1, 1418),
('Equipment#1419', 'EquipmentName1419', '', 7, 1419),
('Equipment#1420', 'EquipmentName1420', '', 7, 1420),
('Equipment#1421', 'EquipmentName1421', '', 9, 1421),
('Equipment#1422', 'EquipmentName1422', '', 3, 1422),
('Equipment#1423', 'EquipmentName1423', '', 7, 1423),
('Equipment#1424', 'EquipmentName1424', '', 5, 1424),
('Equipment#1425', 'EquipmentName1425', '', 7, 1425),
('Equipment#1426', 'EquipmentName1426', '', 16, 1426),
('Equipment#1427', 'EquipmentName1427', '', 8, 1427);

-- --------------------------------------------------------

--
-- Table structure for table `tblstream`
--

CREATE TABLE `tblstream` (
  `CircuitId` int(11) NOT NULL,
  `currDateTime` datetime NOT NULL,
  `ShiftId` int(11) NOT NULL,
  `BatchesProduced` int(11) NOT NULL,
  `BatchesRejected` int(11) NOT NULL
) ENGINE=InnoDB DEFAULT CHARSET=utf8mb4;

--
-- Dumping data for table `tblstream`
--

INSERT INTO `tblstream` (`CircuitId`, `currDateTime`, `ShiftId`, `BatchesProduced`, `BatchesRejected`) VALUES
(3, '2021-03-01 13:26:02', 2, 28, 7),
(5, '2021-03-01 13:26:10', 2, 17, 11),
(7, '2021-03-01 13:26:18', 2, 187, 44),
(8, '2021-03-01 13:26:26', 2, 278, 130),
(9, '2021-03-01 13:26:34', 2, 302, 146),
(12, '2021-03-01 13:26:42', 2, 0, 0),
(13, '2021-03-01 13:26:50', 2, 9, 6),
(3, '2021-03-01 13:39:33', 2, 27, 28),
(5, '2021-03-01 13:39:41', 2, 17, 9),
(7, '2021-03-01 13:39:49', 2, 193, 156),
(8, '2021-03-01 13:39:57', 2, 279, 236),
(9, '2021-03-01 13:40:05', 2, 282, 105),
(12, '2021-03-01 13:40:13', 2, 0, 0),
(13, '2021-03-01 13:40:21', 2, 10, 5),
(3, '2021-03-01 13:54:25', 2, 27, 1),
(5, '2021-03-01 13:54:25', 2, 17, 5),
(7, '2021-03-01 13:54:25', 2, 182, 46),
(8, '2021-03-01 13:54:25', 2, 262, 13),
(9, '2021-03-01 13:54:25', 2, 323, 109),
(12, '2021-03-01 13:54:25', 2, 0, 0),
(13, '2021-03-01 13:54:25', 2, 9, 9),
(3, '2021-03-01 13:59:45', 2, 29, 30),
(5, '2021-03-01 13:59:45', 2, 14, 7),
(7, '2021-03-01 13:59:45', 2, 191, 62),
(8, '2021-03-01 13:59:45', 2, 276, 130),
(9, '2021-03-01 13:59:45', 2, 294, 185),
(12, '2021-03-01 13:59:45', 2, 0, 0),
(13, '2021-03-01 13:59:45', 2, 10, 2),
(3, '2021-03-01 13:59:48', 2, 30, 7),
(5, '2021-03-01 13:59:48', 2, 15, 9),
(7, '2021-03-01 13:59:48', 2, 208, 50),
(8, '2021-03-01 13:59:48', 2, 283, 19),
(9, '2021-03-01 13:59:48', 2, 286, 274),
(12, '2021-03-01 13:59:48', 2, 0, 0),
(13, '2021-03-01 13:59:48', 2, 9, 8),
(3, '2021-03-01 14:00:46', 2, 27, 25),
(5, '2021-03-01 14:00:54', 2, 18, 15),
(7, '2021-03-01 14:01:02', 2, 193, 64),
(8, '2021-03-01 14:01:10', 2, 257, 168),
(9, '2021-03-01 14:01:18', 2, 291, 11),
(12, '2021-03-01 14:01:26', 2, 0, 0),
(13, '2021-03-01 14:01:34', 2, 10, 2),
(3, '2021-03-01 14:02:27', 2, 29, 15),
(5, '2021-03-01 14:02:35', 2, 14, 6),
(7, '2021-03-01 14:02:43', 2, 217, 15),
(8, '2021-03-01 14:02:51', 2, 254, 1),
(9, '2021-03-01 14:02:59', 2, 311, 95),
(12, '2021-03-01 14:03:07', 2, 0, 0),
(13, '2021-03-01 14:03:15', 2, 10, 7),
(3, '2021-03-01 14:17:30', 2, 31, 18),
(5, '2021-03-01 14:17:38', 2, 14, 0),
(7, '2021-03-01 14:17:46', 2, 198, 109),
(8, '2021-03-01 14:17:54', 2, 263, 64),
(9, '2021-03-01 14:18:02', 2, 266, 135),
(12, '2021-03-01 14:18:10', 2, 0, 0),
(13, '2021-03-01 14:18:18', 2, 10, 3),
(3, '2021-03-01 14:44:42', 2, 29, 20),
(5, '2021-03-01 14:44:50', 2, 17, 11),
(7, '2021-03-01 14:44:58', 2, 206, 169),
(8, '2021-03-01 14:45:06', 2, 288, 197),
(9, '2021-03-01 14:45:14', 2, 311, 147),
(12, '2021-03-01 14:45:22', 2, 0, 0),
(13, '2021-03-01 14:45:30', 2, 9, 3),
(3, '2021-03-01 20:21:55', 2, 30, 18),
(5, '2021-03-01 20:22:03', 2, 17, 13),
(7, '2021-03-01 20:22:11', 2, 178, 91),
(8, '2021-03-01 20:22:19', 2, 280, 185),
(9, '2021-03-01 20:22:27', 2, 290, 53),
(12, '2021-03-01 20:22:35', 2, 0, 0),
(13, '2021-03-01 20:22:43', 2, 8, 9),
(3, '2021-03-01 20:27:09', 2, 29, 10),
(5, '2021-03-01 20:27:17', 2, 16, 1),
(7, '2021-03-01 20:27:25', 2, 210, 165),
(8, '2021-03-01 20:27:33', 2, 268, 259),
(9, '2021-03-01 20:27:41', 2, 299, 140),
(12, '2021-03-01 20:27:49', 2, 0, 0),
(13, '2021-03-01 20:27:57', 2, 10, 0),
(3, '2021-03-01 21:34:54', 2, 32, 12),
(5, '2021-03-01 21:35:02', 2, -17, 4),
(7, '2021-03-01 21:35:10', 2, 218, 161),
(8, '2021-03-01 21:35:18', 2, 279, 203),
(9, '2021-03-01 21:35:26', 2, 312, 96),
(12, '2021-03-01 21:35:34', 2, 0, 0),
(13, '2021-03-01 21:35:42', 2, 9, 9),
(3, '2021-03-01 22:58:13', 2, -27, 28),
(5, '2021-03-01 22:58:21', 2, -15, 9),
(7, '2021-03-01 22:58:29', 2, -185, 46),
(8, '2021-03-01 22:58:37', 2, -280, 51),
(9, '2021-03-01 22:58:45', 2, -278, 90),
(12, '2021-03-01 22:58:53', 2, 0, 0),
(13, '2021-03-01 22:59:01', 2, -9, 8),
(3, '2021-03-01 22:59:22', 2, -29, 13),
(5, '2021-03-01 22:59:30', 2, -14, 10),
(7, '2021-03-01 22:59:38', 2, -211, 28),
(8, '2021-03-01 22:59:47', 2, -256, 232),
(9, '2021-03-01 22:59:55', 2, -292, 57),
(12, '2021-03-01 23:00:03', 2, 0, 0),
(13, '2021-03-01 23:00:11', 2, -8, 5),
(3, '2021-03-08 09:23:52', 2, 33, 12),
(5, '2021-03-08 09:23:52', 2, 17, 13),
(7, '2021-03-08 09:23:52', 2, 214, 153),
(8, '2021-03-08 09:23:52', 2, 264, 134),
(9, '2021-03-08 09:23:52', 2, 268, 266),
(12, '2021-03-08 09:23:52', 2, 0, 0),
(13, '2021-03-08 09:23:52', 2, 9, 1),
(3, '2021-03-08 09:25:52', 2, 30, 14),
(5, '2021-03-08 09:25:52', 2, 14, 6),
(7, '2021-03-08 09:25:52', 2, 202, 24),
(8, '2021-03-08 09:25:52', 2, 256, 126),
(9, '2021-03-08 09:25:52', 2, 322, 19),
(12, '2021-03-08 09:25:52', 2, 0, 0),
(13, '2021-03-08 09:25:52', 2, 10, 0),
(3, '2021-03-08 09:25:52', 2, 32, 12),
(5, '2021-03-08 09:25:52', 2, 14, 3),
(7, '2021-03-08 09:25:52', 2, 217, 60),
(8, '2021-03-08 09:25:52', 2, 244, 256),
(9, '2021-03-08 09:25:52', 2, 317, 50),
(12, '2021-03-08 09:25:52', 2, 0, 0),
(13, '2021-03-08 09:25:52', 2, 10, 2),
(3, '2021-03-08 09:25:52', 2, 32, 0),
(5, '2021-03-08 09:25:52', 2, 16, 3),
(7, '2021-03-08 09:25:52', 2, 199, 168),
(8, '2021-03-08 09:25:52', 2, 290, 147),
(9, '2021-03-08 09:25:52', 2, 280, 61),
(12, '2021-03-08 09:25:52', 2, 0, 0),
(13, '2021-03-08 09:25:52', 2, 8, 3),
(3, '2021-03-08 09:25:52', 2, 27, 4),
(5, '2021-03-08 09:25:52', 2, 16, 15),
(7, '2021-03-08 09:25:52', 2, 184, 18),
(8, '2021-03-08 09:25:52', 2, 253, 222),
(9, '2021-03-08 09:25:52', 2, 318, 28),
(12, '2021-03-08 09:25:52', 2, 0, 0),
(13, '2021-03-08 09:25:52', 2, 8, 7),
(3, '2021-03-08 09:25:52', 2, 33, 19),
(5, '2021-03-08 09:25:52', 2, 15, 4),
(7, '2021-03-08 09:25:52', 2, 218, 16),
(8, '2021-03-08 09:25:52', 2, 253, 162),
(9, '2021-03-08 09:25:52', 2, 321, 71),
(12, '2021-03-08 09:25:52', 2, 0, 0),
(13, '2021-03-08 09:25:52', 2, 8, 0),
(3, '2021-03-08 09:25:52', 2, 27, 21),
(5, '2021-03-08 09:25:52', 2, 18, 9),
(7, '2021-03-08 09:25:52', 2, 205, 196),
(8, '2021-03-08 09:25:52', 2, 256, 249),
(9, '2021-03-08 09:25:52', 2, 300, 159),
(12, '2021-03-08 09:25:52', 2, 0, 0),
(13, '2021-03-08 09:25:52', 2, 9, 7),
(3, '2021-03-08 09:25:52', 2, 28, 12),
(5, '2021-03-08 09:25:52', 2, 15, 14),
(7, '2021-03-08 09:25:52', 2, 196, 90),
(8, '2021-03-08 09:25:52', 2, 252, 38),
(9, '2021-03-08 09:25:52', 2, 319, 19),
(12, '2021-03-08 09:25:52', 2, 0, 0),
(13, '2021-03-08 09:25:52', 2, 9, 5),
(3, '2021-03-08 09:25:52', 2, 32, 25),
(5, '2021-03-08 09:25:52', 2, 15, 1),
(7, '2021-03-08 09:25:52', 2, 205, 63),
(8, '2021-03-08 09:25:52', 2, 274, 55),
(9, '2021-03-08 09:25:52', 2, 301, 285),
(12, '2021-03-08 09:25:52', 2, 0, 0),
(13, '2021-03-08 09:25:52', 2, 10, 2),
(3, '2021-03-08 09:25:52', 2, 30, 24),
(5, '2021-03-08 09:25:52', 2, 17, 6),
(7, '2021-03-08 09:25:52', 2, 197, 154),
(8, '2021-03-08 09:25:52', 2, 267, 79),
(9, '2021-03-08 09:25:52', 2, 312, 189),
(12, '2021-03-08 09:25:52', 2, 0, 0),
(13, '2021-03-08 09:25:52', 2, 9, 1),
(3, '2021-03-08 09:25:52', 2, 27, 30),
(5, '2021-03-08 09:25:52', 2, 18, 11),
(7, '2021-03-08 09:25:52', 2, 192, 26),
(8, '2021-03-08 09:25:52', 2, 258, 126),
(9, '2021-03-08 09:25:52', 2, 316, 100),
(12, '2021-03-08 09:25:52', 2, 0, 0),
(13, '2021-03-08 09:25:52', 2, 10, 0),
(3, '2021-03-08 09:25:52', 2, 30, 2),
(5, '2021-03-08 09:25:52', 2, 17, 6),
(7, '2021-03-08 09:25:52', 2, 210, 196),
(8, '2021-03-08 09:25:52', 2, 253, 76),
(9, '2021-03-08 09:25:52', 2, 301, 110),
(12, '2021-03-08 09:25:52', 2, 0, 0),
(13, '2021-03-08 09:25:52', 2, 8, 6),
(3, '2021-03-08 09:25:52', 2, 33, 5),
(5, '2021-03-08 09:25:52', 2, 18, 10),
(7, '2021-03-08 09:25:52', 2, 184, 23),
(8, '2021-03-08 09:25:52', 2, 267, 264),
(9, '2021-03-08 09:25:52', 2, 285, 168),
(12, '2021-03-08 09:25:52', 2, 0, 0),
(13, '2021-03-08 09:25:52', 2, 8, 3),
(3, '2021-03-08 09:25:52', 2, 27, 0),
(5, '2021-03-08 09:25:52', 2, 16, 14),
(7, '2021-03-08 09:25:52', 2, 211, 157),
(8, '2021-03-08 09:25:52', 2, 283, 220),
(9, '2021-03-08 09:25:52', 2, 277, 69),
(12, '2021-03-08 09:25:52', 2, 0, 0),
(13, '2021-03-08 09:25:52', 2, 8, 3),
(3, '2021-03-08 09:25:52', 2, 33, 16),
(5, '2021-03-08 09:25:52', 2, 16, 3),
(7, '2021-03-08 09:25:52', 2, 193, 61),
(8, '2021-03-08 09:25:52', 2, 247, 109),
(9, '2021-03-08 09:25:52', 2, 323, 184),
(12, '2021-03-08 09:25:52', 2, 0, 0),
(13, '2021-03-08 09:25:52', 2, 8, 7),
(3, '2021-03-08 09:25:52', 2, 33, 29),
(5, '2021-03-08 09:25:52', 2, 16, 12),
(7, '2021-03-08 09:25:52', 2, 202, 93),
(8, '2021-03-08 09:25:52', 2, 251, 228),
(9, '2021-03-08 09:25:52', 2, 267, 65),
(12, '2021-03-08 09:25:52', 2, 0, 0),
(13, '2021-03-08 09:25:52', 2, 9, 4),
(3, '2021-03-08 09:25:52', 2, 31, 22),
(5, '2021-03-08 09:25:52', 2, 16, 13),
(7, '2021-03-08 09:25:52', 2, 211, 91),
(8, '2021-03-08 09:25:52', 2, 263, 144),
(9, '2021-03-08 09:25:52', 2, 289, 137),
(12, '2021-03-08 09:25:52', 2, 0, 0),
(13, '2021-03-08 09:25:52', 2, 10, 7),
(3, '2021-03-08 09:25:52', 2, 29, 12),
(5, '2021-03-08 09:25:52', 2, 17, 16),
(7, '2021-03-08 09:25:52', 2, 181, 197),
(8, '2021-03-08 09:25:52', 2, 257, 158),
(9, '2021-03-08 09:25:52', 2, 298, 229),
(12, '2021-03-08 09:25:52', 2, 0, 0),
(13, '2021-03-08 09:25:52', 2, 9, 8),
(3, '2021-03-08 09:25:52', 2, 32, 15),
(5, '2021-03-08 09:25:52', 2, 15, 0),
(7, '2021-03-08 09:25:52', 2, 213, 39),
(8, '2021-03-08 09:25:52', 2, 257, 232),
(9, '2021-03-08 09:25:52', 2, 315, 266),
(12, '2021-03-08 09:25:52', 2, 0, 0),
(13, '2021-03-08 09:25:52', 2, 9, 7),
(3, '2021-03-08 09:25:52', 2, 29, 18),
(5, '2021-03-08 09:25:52', 2, 14, 0),
(7, '2021-03-08 09:25:52', 2, 214, 146),
(8, '2021-03-08 09:25:52', 2, 268, 162),
(9, '2021-03-08 09:25:52', 2, 269, 229),
(12, '2021-03-08 09:25:52', 2, 0, 0),
(13, '2021-03-08 09:25:52', 2, 9, 6),
(3, '2021-03-08 09:25:52', 2, 33, 14),
(5, '2021-03-08 09:25:52', 2, 18, 6),
(7, '2021-03-08 09:25:52', 2, 194, 187),
(8, '2021-03-08 09:25:52', 2, 254, 92),
(9, '2021-03-08 09:25:52', 2, 296, 54),
(12, '2021-03-08 09:25:52', 2, 0, 0),
(13, '2021-03-08 09:25:52', 2, 9, 9),
(3, '2021-03-08 09:25:52', 2, 32, 15),
(5, '2021-03-08 09:25:52', 2, 14, 5),
(7, '2021-03-08 09:25:52', 2, 181, 196),
(8, '2021-03-08 09:25:52', 2, 248, 266),
(9, '2021-03-08 09:25:52', 2, 314, 48),
(12, '2021-03-08 09:25:52', 2, 0, 0),
(13, '2021-03-08 09:25:52', 2, 9, 8),
(3, '2021-03-08 09:25:52', 2, 31, 22),
(5, '2021-03-08 09:25:52', 2, 18, 15),
(7, '2021-03-08 09:25:52', 2, 198, 56),
(8, '2021-03-08 09:25:52', 2, 242, 219),
(9, '2021-03-08 09:25:52', 2, 267, 41),
(12, '2021-03-08 09:25:52', 2, 0, 0),
(13, '2021-03-08 09:25:52', 2, 8, 4),
(3, '2021-03-08 09:25:52', 2, 33, 22),
(5, '2021-03-08 09:25:52', 2, 17, 6),
(7, '2021-03-08 09:25:52', 2, 201, 33),
(8, '2021-03-08 09:25:52', 2, 255, 224),
(9, '2021-03-08 09:25:52', 2, 307, 203),
(12, '2021-03-08 09:25:52', 2, 0, 0),
(13, '2021-03-08 09:25:52', 2, 8, 8),
(3, '2021-03-08 09:25:52', 2, 29, 10),
(5, '2021-03-08 09:25:52', 2, 14, 6),
(7, '2021-03-08 09:25:52', 2, 192, 80),
(8, '2021-03-08 09:25:52', 2, 275, 68),
(9, '2021-03-08 09:25:52', 2, 313, 283),
(12, '2021-03-08 09:25:52', 2, 0, 0),
(13, '2021-03-08 09:25:52', 2, 8, 6),
(3, '2021-03-08 09:25:52', 2, 31, 9),
(5, '2021-03-08 09:25:52', 2, 14, 10),
(7, '2021-03-08 09:25:52', 2, 203, 180),
(8, '2021-03-08 09:25:52', 2, 287, 24),
(9, '2021-03-08 09:25:52', 2, 292, 89),
(12, '2021-03-08 09:25:52', 2, 0, 0),
(13, '2021-03-08 09:25:52', 2, 9, 6),
(3, '2021-03-08 09:25:52', 2, 30, 25),
(5, '2021-03-08 09:25:52', 2, 18, 7),
(7, '2021-03-08 09:25:52', 2, 178, 179),
(8, '2021-03-08 09:25:52', 2, 262, 3),
(9, '2021-03-08 09:25:52', 2, 311, 287),
(12, '2021-03-08 09:25:52', 2, 0, 0),
(13, '2021-03-08 09:25:52', 2, 8, 0),
(3, '2021-03-08 09:25:52', 2, 31, 21),
(5, '2021-03-08 09:25:52', 2, 17, 12),
(7, '2021-03-08 09:25:52', 2, 190, 143),
(8, '2021-03-08 09:25:52', 2, 276, 16),
(9, '2021-03-08 09:25:52', 2, 281, 121),
(12, '2021-03-08 09:25:52', 2, 0, 0),
(13, '2021-03-08 09:25:52', 2, 8, 4),
(3, '2021-03-08 09:25:52', 2, 32, 10),
(5, '2021-03-08 09:25:52', 2, 15, 15),
(7, '2021-03-08 09:25:52', 2, 214, 56),
(8, '2021-03-08 09:25:52', 2, 281, 139),
(9, '2021-03-08 09:25:52', 2, 307, 295),
(12, '2021-03-08 09:25:52', 2, 0, 0),
(13, '2021-03-08 09:25:52', 2, 8, 2),
(3, '2021-03-08 09:25:52', 2, 31, 15),
(5, '2021-03-08 09:25:53', 2, 16, 12),
(7, '2021-03-08 09:25:53', 2, 181, 34),
(8, '2021-03-08 09:25:53', 2, 288, 26),
(9, '2021-03-08 09:25:53', 2, 284, 240),
(12, '2021-03-08 09:25:53', 2, 0, 0),
(13, '2021-03-08 09:25:53', 2, 9, 9),
(3, '2021-03-08 09:25:53', 2, 29, 3),
(5, '2021-03-08 09:25:53', 2, 16, 15),
(7, '2021-03-08 09:25:53', 2, 178, 176),
(8, '2021-03-08 09:25:53', 2, 249, 1),
(9, '2021-03-08 09:25:53', 2, 271, 279),
(12, '2021-03-08 09:25:53', 2, 0, 0),
(13, '2021-03-08 09:25:53', 2, 9, 3),
(3, '2021-03-08 09:25:53', 2, 30, 20),
(5, '2021-03-08 09:25:53', 2, 17, 8),
(7, '2021-03-08 09:25:53', 2, 182, 159),
(8, '2021-03-08 09:25:53', 2, 272, 233),
(9, '2021-03-08 09:25:53', 2, 274, 293),
(12, '2021-03-08 09:25:53', 2, 0, 0),
(13, '2021-03-08 09:25:53', 2, 10, 9),
(3, '2021-03-08 09:25:53', 2, 33, 13),
(5, '2021-03-08 09:25:53', 2, 16, 12),
(7, '2021-03-08 09:25:53', 2, 182, 167),
(8, '2021-03-08 09:25:53', 2, 288, 91),
(9, '2021-03-08 09:25:53', 2, 291, 246),
(12, '2021-03-08 09:25:53', 2, 0, 0),
(13, '2021-03-08 09:25:53', 2, 10, 4),
(3, '2021-03-08 09:25:53', 2, 29, 9),
(5, '2021-03-08 09:25:53', 2, 18, 9),
(7, '2021-03-08 09:25:53', 2, 199, 27),
(8, '2021-03-08 09:25:53', 2, 268, 145),
(9, '2021-03-08 09:25:53', 2, 320, 166),
(12, '2021-03-08 09:25:53', 2, 0, 0),
(13, '2021-03-08 09:25:53', 2, 9, 5),
(3, '2021-03-08 09:25:53', 2, 30, 14),
(5, '2021-03-08 09:25:53', 2, 17, 16),
(7, '2021-03-08 09:25:53', 2, 205, 24),
(8, '2021-03-08 09:25:53', 2, 266, 116),
(9, '2021-03-08 09:25:53', 2, 275, 269),
(12, '2021-03-08 09:25:53', 2, 0, 0),
(13, '2021-03-08 09:25:53', 2, 9, 5),
(3, '2021-03-08 09:25:53', 2, 29, 9),
(5, '2021-03-08 09:25:53', 2, 14, 14),
(7, '2021-03-08 09:25:53', 2, 203, 139),
(8, '2021-03-08 09:25:53', 2, 262, 22),
(9, '2021-03-08 09:25:53', 2, 305, 209),
(12, '2021-03-08 09:25:53', 2, 0, 0),
(13, '2021-03-08 09:25:53', 2, 9, 8),
(3, '2021-03-08 09:25:53', 2, 32, 22),
(5, '2021-03-08 09:25:53', 2, 18, 5),
(7, '2021-03-08 09:25:53', 2, 202, 75),
(8, '2021-03-08 09:25:53', 2, 267, 236),
(9, '2021-03-08 09:25:53', 2, 289, 64),
(12, '2021-03-08 09:25:53', 2, 0, 0),
(13, '2021-03-08 09:25:53', 2, 9, 0),
(3, '2021-03-08 09:25:53', 2, 33, 0),
(5, '2021-03-08 09:25:53', 2, 17, 13),
(7, '2021-03-08 09:25:53', 2, 204, 49),
(8, '2021-03-08 09:25:53', 2, 262, 162),
(9, '2021-03-08 09:25:53', 2, 282, 88),
(12, '2021-03-08 09:25:53', 2, 0, 0),
(13, '2021-03-08 09:25:53', 2, 10, 6),
(3, '2021-03-08 09:25:53', 2, 30, 0),
(5, '2021-03-08 09:25:53', 2, 15, 3),
(7, '2021-03-08 09:25:53', 2, 213, 31),
(8, '2021-03-08 09:25:53', 2, 266, 165),
(9, '2021-03-08 09:25:53', 2, 269, 23),
(12, '2021-03-08 09:25:53', 2, 0, 0),
(13, '2021-03-08 09:25:53', 2, 8, 0),
(3, '2021-03-08 09:25:53', 2, 27, 12),
(5, '2021-03-08 09:25:53', 2, 15, 5),
(7, '2021-03-08 09:25:53', 2, 185, 130),
(8, '2021-03-08 09:25:53', 2, 273, 257),
(9, '2021-03-08 09:25:53', 2, 306, 50),
(12, '2021-03-08 09:25:53', 2, 0, 0),
(13, '2021-03-08 09:25:53', 2, 8, 8),
(3, '2021-03-08 09:25:53', 2, 29, 23),
(5, '2021-03-08 09:25:53', 2, 18, 14),
(7, '2021-03-08 09:25:53', 2, 179, 43),
(8, '2021-03-08 09:25:53', 2, 270, 223),
(9, '2021-03-08 09:25:53', 2, 303, 59),
(12, '2021-03-08 09:25:53', 2, 0, 0),
(13, '2021-03-08 09:25:53', 2, 9, 0),
(3, '2021-03-08 09:25:53', 2, 28, 3),
(5, '2021-03-08 09:25:53', 2, 14, 9),
(7, '2021-03-08 09:25:53', 2, 208, 19),
(8, '2021-03-08 09:25:53', 2, 291, 158),
(9, '2021-03-08 09:25:53', 2, 307, 169),
(12, '2021-03-08 09:25:53', 2, 0, 0),
(13, '2021-03-08 09:25:53', 2, 9, 2),
(3, '2021-03-08 09:25:53', 2, 32, 15),
(5, '2021-03-08 09:25:53', 2, 16, 2),
(7, '2021-03-08 09:25:53', 2, 211, 150),
(8, '2021-03-08 09:25:53', 2, 260, 27),
(9, '2021-03-08 09:25:53', 2, 274, 24),
(12, '2021-03-08 09:25:53', 2, 0, 0),
(13, '2021-03-08 09:25:53', 2, 9, 7),
(3, '2021-03-08 09:25:53', 2, 29, 4),
(5, '2021-03-08 09:25:53', 2, 15, 14),
(7, '2021-03-08 09:25:53', 2, 202, 73),
(8, '2021-03-08 09:25:53', 2, 262, 191),
(9, '2021-03-08 09:25:53', 2, 300, 148),
(12, '2021-03-08 09:25:53', 2, 0, 0),
(13, '2021-03-08 09:25:53', 2, 9, 2),
(3, '2021-03-08 09:25:53', 2, 31, 4),
(5, '2021-03-08 09:25:53', 2, 18, 12),
(7, '2021-03-08 09:25:53', 2, 195, 5),
(8, '2021-03-08 09:25:53', 2, 246, 250),
(9, '2021-03-08 09:25:53', 2, 321, 187),
(12, '2021-03-08 09:25:53', 2, 0, 0),
(13, '2021-03-08 09:25:53', 2, 9, 9),
(3, '2021-03-08 09:25:53', 2, 28, 20),
(5, '2021-03-08 09:25:53', 2, 14, 12),
(7, '2021-03-08 09:25:53', 2, 202, 8),
(8, '2021-03-08 09:25:53', 2, 262, 125),
(9, '2021-03-08 09:25:53', 2, 322, 239),
(12, '2021-03-08 09:25:53', 2, 0, 0),
(13, '2021-03-08 09:25:53', 2, 8, 8),
(3, '2021-03-08 09:25:53', 2, 30, 7),
(5, '2021-03-08 09:25:53', 2, 16, 4),
(7, '2021-03-08 09:25:53', 2, 213, 81),
(8, '2021-03-08 09:25:53', 2, 261, 19),
(9, '2021-03-08 09:25:53', 2, 318, 133),
(12, '2021-03-08 09:25:53', 2, 0, 0),
(13, '2021-03-08 09:25:53', 2, 8, 6),
(3, '2021-03-08 09:25:53', 2, 32, 8),
(5, '2021-03-08 09:25:53', 2, 16, 5),
(7, '2021-03-08 09:25:53', 2, 206, 8),
(8, '2021-03-08 09:25:53', 2, 247, 52),
(9, '2021-03-08 09:25:53', 2, 315, 273),
(12, '2021-03-08 09:25:53', 2, 0, 0),
(13, '2021-03-08 09:25:53', 2, 8, 4),
(3, '2021-03-08 09:25:53', 2, 31, 9),
(5, '2021-03-08 09:25:53', 2, 18, 16),
(7, '2021-03-08 09:25:53', 2, 187, 145),
(8, '2021-03-08 09:25:53', 2, 248, 129),
(9, '2021-03-08 09:25:53', 2, 281, 184),
(12, '2021-03-08 09:25:53', 2, 0, 0),
(13, '2021-03-08 09:25:53', 2, 9, 6),
(3, '2021-03-08 09:25:53', 2, 31, 17),
(5, '2021-03-08 09:25:53', 2, 14, 10),
(7, '2021-03-08 09:25:53', 2, 185, 156),
(8, '2021-03-08 09:25:53', 2, 268, 241),
(9, '2021-03-08 09:25:53', 2, 312, 236),
(12, '2021-03-08 09:25:53', 2, 0, 0),
(13, '2021-03-08 09:25:53', 2, 10, 2),
(3, '2021-03-08 09:25:53', 2, 33, 20),
(5, '2021-03-08 09:25:53', 2, 14, 14),
(7, '2021-03-08 09:25:53', 2, 201, 85),
(8, '2021-03-08 09:25:53', 2, 278, 74),
(9, '2021-03-08 09:25:53', 2, 318, 188),
(12, '2021-03-08 09:25:53', 2, 0, 0),
(13, '2021-03-08 09:25:53', 2, 8, 8),
(3, '2021-03-08 09:25:53', 2, 27, 9),
(5, '2021-03-08 09:25:53', 2, 15, 11),
(7, '2021-03-08 09:25:53', 2, 199, 106),
(8, '2021-03-08 09:25:53', 2, 240, 226),
(9, '2021-03-08 09:25:53', 2, 297, 229),
(12, '2021-03-08 09:25:53', 2, 0, 0),
(13, '2021-03-08 09:25:53', 2, 9, 7),
(3, '2021-03-08 09:25:53', 2, 30, 21),
(5, '2021-03-08 09:25:53', 2, 16, 10),
(7, '2021-03-08 09:25:53', 2, 207, 160),
(8, '2021-03-08 09:25:53', 2, 243, 113),
(9, '2021-03-08 09:25:53', 2, 277, 150),
(12, '2021-03-08 09:25:53', 2, 0, 0),
(13, '2021-03-08 09:25:53', 2, 10, 8),
(3, '2021-03-08 09:25:53', 2, 28, 17),
(5, '2021-03-08 09:25:53', 2, 15, 7),
(7, '2021-03-08 09:25:53', 2, 197, 44),
(8, '2021-03-08 09:25:53', 2, 259, 55),
(9, '2021-03-08 09:25:53', 2, 267, 75),
(12, '2021-03-08 09:25:53', 2, 0, 0),
(13, '2021-03-08 09:25:53', 2, 9, 6),
(3, '2021-03-08 09:25:53', 2, 33, 15),
(5, '2021-03-08 09:25:53', 2, 17, 6),
(7, '2021-03-08 09:25:53', 2, 207, 65),
(8, '2021-03-08 09:25:53', 2, 262, 70),
(9, '2021-03-08 09:25:53', 2, 307, 143),
(12, '2021-03-08 09:25:53', 2, 0, 0),
(13, '2021-03-08 09:25:53', 2, 10, 2),
(3, '2021-03-08 09:25:53', 2, 28, 25),
(5, '2021-03-08 09:25:53', 2, 18, 16),
(7, '2021-03-08 09:25:53', 2, 180, 153),
(8, '2021-03-08 09:25:53', 2, 288, 222),
(9, '2021-03-08 09:25:53', 2, 296, 189),
(12, '2021-03-08 09:25:53', 2, 0, 0),
(13, '2021-03-08 09:25:53', 2, 8, 3),
(3, '2021-03-08 09:25:53', 2, 30, 1),
(5, '2021-03-08 09:25:53', 2, 15, 6),
(7, '2021-03-08 09:25:53', 2, 190, 79),
(8, '2021-03-08 09:25:53', 2, 275, 231),
(9, '2021-03-08 09:25:53', 2, 287, 24),
(12, '2021-03-08 09:25:53', 2, 0, 0),
(13, '2021-03-08 09:25:53', 2, 10, 6),
(3, '2021-03-08 09:25:53', 2, 29, 16),
(5, '2021-03-08 09:25:53', 2, 16, 15),
(7, '2021-03-08 09:25:53', 2, 183, 165),
(8, '2021-03-08 09:25:53', 2, 243, 18),
(9, '2021-03-08 09:25:53', 2, 286, 122),
(12, '2021-03-08 09:25:53', 2, 0, 0),
(13, '2021-03-08 09:25:53', 2, 8, 5),
(3, '2021-03-08 09:25:53', 2, 30, 12),
(5, '2021-03-08 09:25:53', 2, 16, 2),
(7, '2021-03-08 09:25:53', 2, 194, 152),
(8, '2021-03-08 09:25:53', 2, 282, 174),
(9, '2021-03-08 09:25:53', 2, 301, 256),
(12, '2021-03-08 09:25:53', 2, 0, 0),
(13, '2021-03-08 09:25:53', 2, 9, 9),
(3, '2021-03-08 09:25:53', 2, 28, 23),
(5, '2021-03-08 09:25:54', 2, 14, 2),
(7, '2021-03-08 09:25:54', 2, 180, 156),
(8, '2021-03-08 09:25:54', 2, 244, 24),
(9, '2021-03-08 09:25:54', 2, 276, 159),
(12, '2021-03-08 09:25:54', 2, 0, 0),
(13, '2021-03-08 09:25:54', 2, 8, 2),
(3, '2021-03-08 09:25:54', 2, 27, 6),
(5, '2021-03-08 09:25:54', 2, 14, 11),
(7, '2021-03-08 09:25:54', 2, 198, 137),
(8, '2021-03-08 09:25:54', 2, 284, 6),
(9, '2021-03-08 09:25:54', 2, 295, 71),
(12, '2021-03-08 09:25:54', 2, 0, 0),
(13, '2021-03-08 09:25:54', 2, 10, 8),
(3, '2021-03-08 09:25:54', 2, 31, 19),
(5, '2021-03-08 09:25:54', 2, 16, 2),
(7, '2021-03-08 09:25:54', 2, 201, 89),
(8, '2021-03-08 09:25:54', 2, 288, 121),
(9, '2021-03-08 09:25:54', 2, 321, 72),
(12, '2021-03-08 09:25:54', 2, 0, 0),
(13, '2021-03-08 09:25:54', 2, 10, 8),
(3, '2021-03-08 09:25:54', 2, 33, 16),
(5, '2021-03-08 09:25:54', 2, 17, 8),
(7, '2021-03-08 09:25:54', 2, 209, 102),
(8, '2021-03-08 09:25:54', 2, 272, 74),
(9, '2021-03-08 09:25:54', 2, 298, 249),
(12, '2021-03-08 09:25:54', 2, 0, 0),
(13, '2021-03-08 09:25:54', 2, 8, 1),
(3, '2021-03-08 09:25:54', 2, 27, 22),
(5, '2021-03-08 09:25:54', 2, 18, 4),
(7, '2021-03-08 09:25:54', 2, 218, 154),
(8, '2021-03-08 09:25:54', 2, 241, 244),
(9, '2021-03-08 09:25:54', 2, 307, 130),
(12, '2021-03-08 09:25:54', 2, 0, 0),
(13, '2021-03-08 09:25:54', 2, 9, 5),
(3, '2021-03-08 09:25:54', 2, 28, 23),
(5, '2021-03-08 09:25:54', 2, 17, 2),
(7, '2021-03-08 09:25:54', 2, 184, 141),
(8, '2021-03-08 09:25:54', 2, 268, 249),
(9, '2021-03-08 09:25:54', 2, 300, 9),
(12, '2021-03-08 09:25:54', 2, 0, 0),
(13, '2021-03-08 09:25:54', 2, 8, 2),
(3, '2021-03-08 09:25:54', 2, 31, 1),
(5, '2021-03-08 09:25:54', 2, 17, 5),
(7, '2021-03-08 09:25:54', 2, 216, 56),
(8, '2021-03-08 09:25:54', 2, 240, 142),
(9, '2021-03-08 09:25:54', 2, 268, 25),
(12, '2021-03-08 09:25:54', 2, 0, 0),
(13, '2021-03-08 09:25:54', 2, 8, 8),
(3, '2021-03-08 09:25:54', 2, 32, 12),
(5, '2021-03-08 09:25:54', 2, 15, 7),
(7, '2021-03-08 09:25:54', 2, 216, 142),
(8, '2021-03-08 09:25:54', 2, 283, 257),
(9, '2021-03-08 09:25:54', 2, 321, 103),
(12, '2021-03-08 09:25:54', 2, 0, 0),
(13, '2021-03-08 09:25:54', 2, 10, 3),
(3, '2021-03-08 09:25:54', 2, 33, 13),
(5, '2021-03-08 09:25:54', 2, 17, 12),
(7, '2021-03-08 09:25:54', 2, 187, 96),
(8, '2021-03-08 09:25:54', 2, 292, 88),
(9, '2021-03-08 09:25:54', 2, 290, 38),
(12, '2021-03-08 09:25:54', 2, 0, 0),
(13, '2021-03-08 09:25:54', 2, 9, 1),
(3, '2021-03-08 09:25:54', 2, 28, 8),
(5, '2021-03-08 09:25:54', 2, 15, 5),
(7, '2021-03-08 09:25:54', 2, 206, 11),
(8, '2021-03-08 09:25:54', 2, 272, 239),
(9, '2021-03-08 09:25:54', 2, 300, 255),
(12, '2021-03-08 09:25:54', 2, 0, 0),
(13, '2021-03-08 09:25:54', 2, 10, 3),
(3, '2021-03-08 09:25:54', 2, 32, 14),
(5, '2021-03-08 09:25:54', 2, 17, 14),
(7, '2021-03-08 09:25:54', 2, 189, 3),
(8, '2021-03-08 09:25:54', 2, 265, 201),
(9, '2021-03-08 09:25:54', 2, 308, 42),
(12, '2021-03-08 09:25:54', 2, 0, 0),
(13, '2021-03-08 09:25:54', 2, 9, 6),
(3, '2021-03-08 09:25:54', 2, 33, 17),
(5, '2021-03-08 09:25:54', 2, 17, 3),
(7, '2021-03-08 09:25:54', 2, 214, 66),
(8, '2021-03-08 09:25:54', 2, 270, 161),
(9, '2021-03-08 09:25:54', 2, 265, 19),
(12, '2021-03-08 09:25:54', 2, 0, 0),
(13, '2021-03-08 09:25:54', 2, 8, 8),
(3, '2021-03-08 09:25:54', 2, 29, 5),
(5, '2021-03-08 09:25:54', 2, 15, 12),
(7, '2021-03-08 09:25:54', 2, 194, 88),
(8, '2021-03-08 09:25:54', 2, 256, 204),
(9, '2021-03-08 09:25:54', 2, 306, 149),
(12, '2021-03-08 09:25:54', 2, 0, 0),
(13, '2021-03-08 09:25:54', 2, 9, 9),
(3, '2021-03-08 09:25:54', 2, 30, 22),
(5, '2021-03-08 09:25:54', 2, 18, 0),
(7, '2021-03-08 09:25:54', 2, 212, 127),
(8, '2021-03-08 09:25:54', 2, 268, 203),
(9, '2021-03-08 09:25:54', 2, 293, 53),
(12, '2021-03-08 09:25:54', 2, 0, 0),
(13, '2021-03-08 09:25:54', 2, 8, 0),
(3, '2021-03-08 09:25:54', 2, 30, 12),
(5, '2021-03-08 09:25:54', 2, 16, 6),
(7, '2021-03-08 09:25:54', 2, 190, 182),
(8, '2021-03-08 09:25:54', 2, 243, 1),
(9, '2021-03-08 09:25:54', 2, 270, 93),
(12, '2021-03-08 09:25:54', 2, 0, 0),
(13, '2021-03-08 09:25:54', 2, 9, 6),
(3, '2021-03-08 09:25:54', 2, 27, 9),
(5, '2021-03-08 09:25:54', 2, 16, 5),
(7, '2021-03-08 09:25:54', 2, 187, 94),
(8, '2021-03-08 09:25:54', 2, 288, 142),
(9, '2021-03-08 09:25:54', 2, 266, 156),
(12, '2021-03-08 09:25:54', 2, 0, 0),
(13, '2021-03-08 09:25:54', 2, 10, 7),
(3, '2021-03-08 09:25:54', 2, 30, 20),
(5, '2021-03-08 09:25:54', 2, 14, 9),
(7, '2021-03-08 09:25:54', 2, 199, 124),
(8, '2021-03-08 09:25:54', 2, 287, 99),
(9, '2021-03-08 09:25:54', 2, 269, 224),
(12, '2021-03-08 09:25:54', 2, 0, 0),
(13, '2021-03-08 09:25:54', 2, 8, 2),
(3, '2021-03-08 09:25:54', 2, 29, 19),
(5, '2021-03-08 09:25:54', 2, 16, 13),
(7, '2021-03-08 09:25:54', 2, 182, 24),
(8, '2021-03-08 09:25:54', 2, 291, 121),
(9, '2021-03-08 09:25:54', 2, 313, 120),
(12, '2021-03-08 09:25:54', 2, 0, 0),
(13, '2021-03-08 09:25:54', 2, 10, 3),
(3, '2021-03-08 09:25:54', 2, 27, 3),
(5, '2021-03-08 09:25:54', 2, 17, 11),
(7, '2021-03-08 09:25:54', 2, 197, 53),
(8, '2021-03-08 09:25:54', 2, 287, 126),
(9, '2021-03-08 09:25:54', 2, 266, 61),
(12, '2021-03-08 09:25:54', 2, 0, 0),
(13, '2021-03-08 09:25:54', 2, 10, 6),
(3, '2021-03-08 09:25:54', 2, 32, 5),
(5, '2021-03-08 09:25:54', 2, 17, 8),
(7, '2021-03-08 09:25:54', 2, 201, 87),
(8, '2021-03-08 09:25:54', 2, 247, 154),
(9, '2021-03-08 09:25:54', 2, 288, 131),
(12, '2021-03-08 09:25:54', 2, 0, 0),
(13, '2021-03-08 09:25:54', 2, 9, 3),
(3, '2021-03-08 09:25:54', 2, 32, 10),
(5, '2021-03-08 09:25:54', 2, 15, 15),
(7, '2021-03-08 09:25:54', 2, 208, 69),
(8, '2021-03-08 09:25:54', 2, 283, 49),
(9, '2021-03-08 09:25:54', 2, 321, 40),
(12, '2021-03-08 09:25:54', 2, 0, 0),
(13, '2021-03-08 09:25:54', 2, 9, 3),
(3, '2021-03-08 09:25:54', 2, 30, 5),
(5, '2021-03-08 09:25:54', 2, 17, 14),
(7, '2021-03-08 09:25:54', 2, 179, 46),
(8, '2021-03-08 09:25:54', 2, 242, 72),
(9, '2021-03-08 09:25:54', 2, 299, 200),
(12, '2021-03-08 09:25:54', 2, 0, 0),
(13, '2021-03-08 09:25:54', 2, 8, 9),
(3, '2021-03-08 09:25:54', 2, 27, 30),
(5, '2021-03-08 09:25:54', 2, 16, 15),
(7, '2021-03-08 09:25:54', 2, 195, 166),
(8, '2021-03-08 09:25:54', 2, 260, 35),
(9, '2021-03-08 09:25:54', 2, 296, 30),
(12, '2021-03-08 09:25:54', 2, 0, 0),
(13, '2021-03-08 09:25:54', 2, 8, 2),
(3, '2021-03-08 09:25:54', 2, 28, 3),
(5, '2021-03-08 09:25:54', 2, 16, 2),
(7, '2021-03-08 09:25:54', 2, 193, 98),
(8, '2021-03-08 09:25:54', 2, 263, 215),
(9, '2021-03-08 09:25:54', 2, 312, 35),
(12, '2021-03-08 09:25:54', 2, 0, 0),
(13, '2021-03-08 09:25:54', 2, 9, 5),
(3, '2021-03-08 09:25:54', 2, 30, 0),
(5, '2021-03-08 09:25:54', 2, 16, 7),
(7, '2021-03-08 09:25:54', 2, 194, 194),
(8, '2021-03-08 09:25:54', 2, 291, 252),
(9, '2021-03-08 09:25:54', 2, 307, 84),
(12, '2021-03-08 09:25:54', 2, 0, 0),
(13, '2021-03-08 09:25:54', 2, 8, 6),
(3, '2021-03-08 09:25:54', 2, 32, 1),
(5, '2021-03-08 09:25:54', 2, 17, 14),
(7, '2021-03-08 09:25:54', 2, 186, 49),
(8, '2021-03-08 09:25:54', 2, 260, 133),
(9, '2021-03-08 09:25:54', 2, 287, 261),
(12, '2021-03-08 09:25:54', 2, 0, 0),
(13, '2021-03-08 09:25:54', 2, 8, 6),
(3, '2021-03-08 09:25:54', 2, 28, 9),
(5, '2021-03-08 09:25:54', 2, 14, 10),
(7, '2021-03-08 09:25:54', 2, 199, 5),
(8, '2021-03-08 09:25:54', 2, 273, 22),
(9, '2021-03-08 09:25:54', 2, 293, 66),
(12, '2021-03-08 09:25:54', 2, 0, 0),
(13, '2021-03-08 09:25:54', 2, 9, 8),
(3, '2021-03-08 09:25:54', 2, 29, 25),
(5, '2021-03-08 09:25:54', 2, 15, 16),
(7, '2021-03-08 09:25:54', 2, 192, 179),
(8, '2021-03-08 09:25:54', 2, 260, 101),
(9, '2021-03-08 09:25:54', 2, 322, 232),
(12, '2021-03-08 09:25:54', 2, 0, 0),
(13, '2021-03-08 09:25:54', 2, 9, 0),
(3, '2021-03-08 09:25:54', 2, 33, 17),
(5, '2021-03-08 09:25:54', 2, 16, 15),
(7, '2021-03-08 09:25:54', 2, 191, 147),
(8, '2021-03-08 09:25:54', 2, 267, 11),
(9, '2021-03-08 09:25:54', 2, 285, 262),
(12, '2021-03-08 09:25:54', 2, 0, 0),
(13, '2021-03-08 09:25:54', 2, 8, 8),
(3, '2021-03-08 09:25:54', 2, 28, 27),
(5, '2021-03-08 09:25:54', 2, 17, 12),
(7, '2021-03-08 09:25:54', 2, 212, 166),
(8, '2021-03-08 09:25:54', 2, 257, 177),
(9, '2021-03-08 09:25:54', 2, 321, 54),
(12, '2021-03-08 09:25:54', 2, 0, 0),
(13, '2021-03-08 09:25:54', 2, 10, 7),
(3, '2021-03-08 09:25:54', 2, 32, 14),
(5, '2021-03-08 09:25:54', 2, 14, 7),
(7, '2021-03-08 09:25:54', 2, 208, 102),
(8, '2021-03-08 09:25:54', 2, 253, 48),
(9, '2021-03-08 09:25:54', 2, 265, 134),
(12, '2021-03-08 09:25:54', 2, 0, 0),
(13, '2021-03-08 09:25:54', 2, 10, 7),
(3, '2021-03-08 09:25:54', 2, 31, 0),
(5, '2021-03-08 09:25:54', 2, 15, 4),
(7, '2021-03-08 09:25:54', 2, 201, 41),
(8, '2021-03-08 09:25:54', 2, 285, 142),
(9, '2021-03-08 09:25:54', 2, 280, 214),
(12, '2021-03-08 09:25:54', 2, 0, 0),
(13, '2021-03-08 09:25:54', 2, 10, 2),
(3, '2021-03-08 09:25:54', 2, 30, 14),
(5, '2021-03-08 09:25:54', 2, 15, 11),
(7, '2021-03-08 09:25:54', 2, 191, 162),
(8, '2021-03-08 09:25:54', 2, 291, 140),
(9, '2021-03-08 09:25:54', 2, 295, 206),
(12, '2021-03-08 09:25:54', 2, 0, 0),
(13, '2021-03-08 09:25:54', 2, 9, 8),
(3, '2021-03-08 09:25:54', 2, 29, 5),
(5, '2021-03-08 09:25:54', 2, 16, 12),
(7, '2021-03-08 09:25:54', 2, 185, 39),
(8, '2021-03-08 09:25:54', 2, 276, 190),
(9, '2021-03-08 09:25:54', 2, 298, 109),
(12, '2021-03-08 09:25:54', 2, 0, 0),
(13, '2021-03-08 09:25:54', 2, 9, 2),
(3, '2021-03-08 09:25:54', 2, 27, 18),
(5, '2021-03-08 09:25:54', 2, 15, 2),
(7, '2021-03-08 09:25:54', 2, 187, 32),
(8, '2021-03-08 09:25:54', 2, 275, 242),
(9, '2021-03-08 09:25:54', 2, 279, 248),
(12, '2021-03-08 09:25:54', 2, 0, 0),
(13, '2021-03-08 09:25:55', 2, 9, 7),
(3, '2021-03-08 09:25:55', 2, 29, 4),
(5, '2021-03-08 09:25:55', 2, 18, 4),
(7, '2021-03-08 09:25:55', 2, 182, 87),
(8, '2021-03-08 09:25:55', 2, 278, 56),
(9, '2021-03-08 09:25:55', 2, 314, 0),
(12, '2021-03-08 09:25:55', 2, 0, 0),
(13, '2021-03-08 09:25:55', 2, 8, 3),
(3, '2021-03-08 09:25:55', 2, 28, 11),
(5, '2021-03-08 09:25:55', 2, 17, 11),
(7, '2021-03-08 09:25:55', 2, 184, 164),
(8, '2021-03-08 09:25:55', 2, 275, 70),
(9, '2021-03-08 09:25:55', 2, 301, 105),
(12, '2021-03-08 09:25:55', 2, 0, 0),
(13, '2021-03-08 09:25:55', 2, 10, 2),
(3, '2021-03-08 09:25:55', 2, 32, 26),
(5, '2021-03-08 09:25:55', 2, 18, 3),
(7, '2021-03-08 09:25:55', 2, 197, 98),
(8, '2021-03-08 09:25:55', 2, 257, 151),
(9, '2021-03-08 09:25:55', 2, 276, 205),
(12, '2021-03-08 09:25:55', 2, 0, 0),
(13, '2021-03-08 09:25:55', 2, 10, 3),
(3, '2021-03-08 09:25:55', 2, 31, 18),
(5, '2021-03-08 09:25:55', 2, 18, 8),
(7, '2021-03-08 09:25:55', 2, 199, 44),
(8, '2021-03-08 09:25:55', 2, 268, 31),
(9, '2021-03-08 09:25:55', 2, 278, 79),
(12, '2021-03-08 09:25:55', 2, 0, 0),
(13, '2021-03-08 09:25:55', 2, 10, 6),
(3, '2021-03-08 09:25:55', 2, 33, 14),
(5, '2021-03-08 09:25:55', 2, 17, 6),
(7, '2021-03-08 09:25:55', 2, 185, 72),
(8, '2021-03-08 09:25:55', 2, 267, 208),
(9, '2021-03-08 09:25:55', 2, 272, 116),
(12, '2021-03-08 09:25:55', 2, 0, 0),
(13, '2021-03-08 09:25:55', 2, 8, 8),
(3, '2021-03-08 09:25:55', 2, 31, 11),
(5, '2021-03-08 09:25:55', 2, 14, 13),
(7, '2021-03-08 09:25:55', 2, 218, 184),
(8, '2021-03-08 09:25:55', 2, 290, 69),
(9, '2021-03-08 09:25:55', 2, 312, 167),
(12, '2021-03-08 09:25:55', 2, 0, 0),
(13, '2021-03-08 09:25:55', 2, 9, 4),
(3, '2021-03-08 09:25:55', 2, 30, 8),
(5, '2021-03-08 09:25:55', 2, 18, 1),
(7, '2021-03-08 09:25:55', 2, 209, 105),
(8, '2021-03-08 09:25:55', 2, 249, 116),
(9, '2021-03-08 09:25:55', 2, 271, 5),
(12, '2021-03-08 09:25:55', 2, 0, 0),
(13, '2021-03-08 09:25:55', 2, 10, 5),
(3, '2021-03-08 09:25:55', 2, 27, 10),
(5, '2021-03-08 09:25:55', 2, 15, 10),
(7, '2021-03-08 09:25:55', 2, 190, 54),
(8, '2021-03-08 09:25:55', 2, 284, 231),
(9, '2021-03-08 09:25:55', 2, 310, 242),
(12, '2021-03-08 09:25:55', 2, 0, 0),
(13, '2021-03-08 09:25:55', 2, 9, 4),
(3, '2021-03-08 09:25:55', 2, 28, 18),
(5, '2021-03-08 09:25:55', 2, 15, 16),
(7, '2021-03-08 09:25:55', 2, 197, 184),
(8, '2021-03-08 09:25:55', 2, 291, 92),
(9, '2021-03-08 09:25:55', 2, 295, 23),
(12, '2021-03-08 09:25:55', 2, 0, 0),
(13, '2021-03-08 09:25:55', 2, 8, 1),
(3, '2021-03-08 09:25:55', 2, 32, 18),
(5, '2021-03-08 09:25:55', 2, 17, 7),
(7, '2021-03-08 09:25:55', 2, 182, 104),
(8, '2021-03-08 09:25:55', 2, 277, 243),
(9, '2021-03-08 09:25:55', 2, 312, 71),
(12, '2021-03-08 09:25:55', 2, 0, 0),
(13, '2021-03-08 09:25:55', 2, 10, 6),
(3, '2021-03-08 09:25:55', 2, 33, 29),
(5, '2021-03-08 09:25:55', 2, 16, 12),
(7, '2021-03-08 09:25:55', 2, 178, 121),
(8, '2021-03-08 09:25:55', 2, 276, 237),
(9, '2021-03-08 09:25:55', 2, 296, 145),
(12, '2021-03-08 09:25:55', 2, 0, 0),
(13, '2021-03-08 09:25:55', 2, 10, 1),
(3, '2021-03-08 09:25:55', 2, 30, 11),
(5, '2021-03-08 09:25:55', 2, 17, 2),
(7, '2021-03-08 09:25:55', 2, 189, 193),
(8, '2021-03-08 09:25:55', 2, 247, 79),
(9, '2021-03-08 09:25:55', 2, 281, 171),
(12, '2021-03-08 09:25:55', 2, 0, 0),
(13, '2021-03-08 09:25:55', 2, 8, 1),
(3, '2021-03-08 09:25:55', 2, 27, 11),
(5, '2021-03-08 09:25:55', 2, 14, 14),
(7, '2021-03-08 09:25:55', 2, 208, 100),
(8, '2021-03-08 09:25:55', 2, 257, 264),
(9, '2021-03-08 09:25:55', 2, 305, 11),
(12, '2021-03-08 09:25:55', 2, 0, 0),
(13, '2021-03-08 09:25:55', 2, 8, 7),
(3, '2021-03-08 09:25:55', 2, 30, 1),
(5, '2021-03-08 09:25:55', 2, 15, 14),
(7, '2021-03-08 09:25:55', 2, 205, 6),
(8, '2021-03-08 09:25:55', 2, 252, 199),
(9, '2021-03-08 09:25:55', 2, 285, 165),
(12, '2021-03-08 09:25:55', 2, 0, 0),
(13, '2021-03-08 09:25:55', 2, 10, 2),
(3, '2021-03-08 09:25:55', 2, 30, 27),
(5, '2021-03-08 09:25:55', 2, 16, 0),
(7, '2021-03-08 09:25:55', 2, 198, 14),
(8, '2021-03-08 09:25:55', 2, 284, 213),
(9, '2021-03-08 09:25:55', 2, 267, 42),
(12, '2021-03-08 09:25:55', 2, 0, 0),
(13, '2021-03-08 09:25:55', 2, 10, 9),
(3, '2021-03-08 09:25:55', 2, 32, 16),
(5, '2021-03-08 09:25:55', 2, 16, 15),
(7, '2021-03-08 09:25:55', 2, 180, 105),
(8, '2021-03-08 09:25:55', 2, 269, 238),
(9, '2021-03-08 09:25:55', 2, 289, 94),
(12, '2021-03-08 09:25:55', 2, 0, 0),
(13, '2021-03-08 09:25:55', 2, 10, 8),
(3, '2021-03-08 09:25:55', 2, 28, 5),
(5, '2021-03-08 09:25:55', 2, 16, 10),
(7, '2021-03-08 09:25:55', 2, 206, 81),
(8, '2021-03-08 09:25:55', 2, 275, 1),
(9, '2021-03-08 09:25:55', 2, 273, 137),
(12, '2021-03-08 09:25:55', 2, 0, 0),
(13, '2021-03-08 09:25:55', 2, 10, 2),
(3, '2021-03-08 09:25:55', 2, 31, 19),
(5, '2021-03-08 09:25:55', 2, 15, 7),
(7, '2021-03-08 09:25:55', 2, 196, 123),
(8, '2021-03-08 09:25:55', 2, 262, 78),
(9, '2021-03-08 09:25:55', 2, 324, 20),
(12, '2021-03-08 09:25:55', 2, 0, 0),
(13, '2021-03-08 09:25:55', 2, 8, 1),
(3, '2021-03-08 09:25:55', 2, 27, 8),
(5, '2021-03-08 09:25:55', 2, 18, 0),
(7, '2021-03-08 09:25:55', 2, 207, 118),
(8, '2021-03-08 09:25:55', 2, 251, 87),
(9, '2021-03-08 09:25:55', 2, 279, 237),
(12, '2021-03-08 09:25:55', 2, 0, 0),
(13, '2021-03-08 09:25:55', 2, 8, 4),
(3, '2021-03-08 09:25:55', 2, 32, 29),
(5, '2021-03-08 09:25:55', 2, 16, 12),
(7, '2021-03-08 09:25:55', 2, 209, 114),
(8, '2021-03-08 09:25:55', 2, 253, 164),
(9, '2021-03-08 09:25:55', 2, 283, 106),
(12, '2021-03-08 09:25:55', 2, 0, 0),
(13, '2021-03-08 09:25:55', 2, 9, 5),
(3, '2021-03-08 09:25:55', 2, 31, 16),
(5, '2021-03-08 09:25:55', 2, 15, 1),
(7, '2021-03-08 09:25:55', 2, 179, 9),
(8, '2021-03-08 09:25:55', 2, 270, 169),
(9, '2021-03-08 09:25:55', 2, 289, 109),
(12, '2021-03-08 09:25:55', 2, 0, 0),
(13, '2021-03-08 09:25:55', 2, 10, 4),
(3, '2021-03-08 09:25:55', 2, 27, 9),
(5, '2021-03-08 09:25:55', 2, 16, 3),
(7, '2021-03-08 09:25:55', 2, 197, 2),
(8, '2021-03-08 09:25:55', 2, 262, 202),
(9, '2021-03-08 09:25:55', 2, 285, 172),
(12, '2021-03-08 09:25:55', 2, 0, 0),
(13, '2021-03-08 09:25:55', 2, 10, 9),
(3, '2021-03-08 09:25:55', 2, 33, 7),
(5, '2021-03-08 09:25:55', 2, 15, 11),
(7, '2021-03-08 09:25:55', 2, 217, 91),
(8, '2021-03-08 09:25:55', 2, 279, 137),
(9, '2021-03-08 09:25:55', 2, 315, 43),
(12, '2021-03-08 09:25:55', 2, 0, 0),
(13, '2021-03-08 09:25:55', 2, 8, 0),
(3, '2021-03-08 09:25:55', 2, 33, 8),
(5, '2021-03-08 09:25:55', 2, 18, 11),
(7, '2021-03-08 09:25:55', 2, 184, 107),
(8, '2021-03-08 09:25:55', 2, 240, 167),
(9, '2021-03-08 09:25:55', 2, 304, 277),
(12, '2021-03-08 09:25:55', 2, 0, 0),
(13, '2021-03-08 09:25:55', 2, 8, 6),
(3, '2021-03-08 09:25:55', 2, 30, 20),
(5, '2021-03-08 09:25:55', 2, 18, 1),
(7, '2021-03-08 09:25:55', 2, 181, 99),
(8, '2021-03-08 09:25:55', 2, 284, 189),
(9, '2021-03-08 09:25:55', 2, 272, 18),
(12, '2021-03-08 09:25:55', 2, 0, 0),
(13, '2021-03-08 09:25:55', 2, 10, 1),
(3, '2021-03-08 09:25:55', 2, 32, 18),
(5, '2021-03-08 09:25:55', 2, 18, 15),
(7, '2021-03-08 09:25:55', 2, 213, 112),
(8, '2021-03-08 09:25:55', 2, 271, 89),
(9, '2021-03-08 09:25:55', 2, 285, 213),
(12, '2021-03-08 09:25:55', 2, 0, 0),
(13, '2021-03-08 09:25:55', 2, 8, 9),
(3, '2021-03-08 09:25:55', 2, 30, 22),
(5, '2021-03-08 09:25:55', 2, 18, 0),
(7, '2021-03-08 09:25:55', 2, 217, 144),
(8, '2021-03-08 09:25:55', 2, 261, 158),
(9, '2021-03-08 09:25:55', 2, 304, 7),
(12, '2021-03-08 09:25:55', 2, 0, 0),
(13, '2021-03-08 09:25:55', 2, 10, 6),
(3, '2021-03-08 09:25:55', 2, 27, 23),
(5, '2021-03-08 09:25:55', 2, 18, 16),
(7, '2021-03-08 09:25:55', 2, 199, 110),
(8, '2021-03-08 09:25:55', 2, 283, 264),
(9, '2021-03-08 09:25:55', 2, 274, 216),
(12, '2021-03-08 09:25:55', 2, 0, 0),
(13, '2021-03-08 09:25:55', 2, 8, 9),
(3, '2021-03-08 09:25:55', 2, 27, 22),
(5, '2021-03-08 09:25:55', 2, 16, 7),
(7, '2021-03-08 09:25:55', 2, 179, 198),
(8, '2021-03-08 09:25:55', 2, 288, 190),
(9, '2021-03-08 09:25:55', 2, 287, 216),
(12, '2021-03-08 09:25:55', 2, 0, 0),
(13, '2021-03-08 09:25:55', 2, 9, 6),
(3, '2021-03-08 09:25:55', 2, 33, 3),
(5, '2021-03-08 09:25:55', 2, 16, 7),
(7, '2021-03-08 09:25:55', 2, 214, 142),
(8, '2021-03-08 09:25:55', 2, 284, 195),
(9, '2021-03-08 09:25:55', 2, 266, 174),
(12, '2021-03-08 09:25:55', 2, 0, 0),
(13, '2021-03-08 09:25:55', 2, 8, 0),
(3, '2021-03-08 09:25:55', 2, 33, 20),
(5, '2021-03-08 09:25:55', 2, 15, 4),
(7, '2021-03-08 09:25:55', 2, 202, 132),
(8, '2021-03-08 09:25:55', 2, 246, 220),
(9, '2021-03-08 09:25:55', 2, 315, 213),
(12, '2021-03-08 09:25:55', 2, 0, 0),
(13, '2021-03-08 09:25:55', 2, 8, 0),
(3, '2021-03-08 09:25:55', 2, 28, 22),
(5, '2021-03-08 09:25:55', 2, 16, 8),
(7, '2021-03-08 09:25:55', 2, 205, 183),
(8, '2021-03-08 09:25:55', 2, 266, 211),
(9, '2021-03-08 09:25:55', 2, 324, 97),
(12, '2021-03-08 09:25:55', 2, 0, 0),
(13, '2021-03-08 09:25:55', 2, 8, 1),
(3, '2021-03-08 09:25:55', 2, 30, 21),
(5, '2021-03-08 09:25:55', 2, 15, 5),
(7, '2021-03-08 09:25:55', 2, 185, 194),
(8, '2021-03-08 09:25:55', 2, 251, 251),
(9, '2021-03-08 09:25:55', 2, 276, 150),
(12, '2021-03-08 09:25:55', 2, 0, 0),
(13, '2021-03-08 09:25:55', 2, 10, 1),
(3, '2021-03-08 09:25:56', 2, 31, 22),
(5, '2021-03-08 09:25:56', 2, 17, 11),
(7, '2021-03-08 09:25:56', 2, 178, 17),
(8, '2021-03-08 09:25:56', 2, 249, 249),
(9, '2021-03-08 09:25:56', 2, 322, 20),
(12, '2021-03-08 09:25:56', 2, 0, 0),
(13, '2021-03-08 09:25:56', 2, 8, 1),
(3, '2021-03-08 09:25:56', 2, 29, 30),
(5, '2021-03-08 09:25:56', 2, 18, 8),
(7, '2021-03-08 09:25:56', 2, 179, 58),
(8, '2021-03-08 09:25:56', 2, 255, 243),
(9, '2021-03-08 09:25:56', 2, 322, 122),
(12, '2021-03-08 09:25:56', 2, 0, 0),
(13, '2021-03-08 09:25:56', 2, 8, 6),
(3, '2021-03-08 09:25:56', 2, 31, 15),
(5, '2021-03-08 09:25:56', 2, 16, 4),
(7, '2021-03-08 09:25:56', 2, 214, 74),
(8, '2021-03-08 09:25:56', 2, 293, 77),
(9, '2021-03-08 09:25:56', 2, 279, 186),
(12, '2021-03-08 09:25:56', 2, 0, 0),
(13, '2021-03-08 09:25:56', 2, 9, 7),
(3, '2021-03-08 09:25:56', 2, 32, 11),
(5, '2021-03-08 09:25:56', 2, 15, 6),
(7, '2021-03-08 09:25:56', 2, 189, 148),
(8, '2021-03-08 09:25:56', 2, 263, 192),
(9, '2021-03-08 09:25:56', 2, 321, 70),
(12, '2021-03-08 09:25:56', 2, 0, 0),
(13, '2021-03-08 09:25:56', 2, 9, 9),
(3, '2021-03-08 09:25:56', 2, 32, 30),
(5, '2021-03-08 09:25:56', 2, 17, 1),
(7, '2021-03-08 09:25:56', 2, 207, 97),
(8, '2021-03-08 09:25:56', 2, 292, 98),
(9, '2021-03-08 09:25:56', 2, 280, 174),
(12, '2021-03-08 09:25:56', 2, 0, 0),
(13, '2021-03-08 09:25:56', 2, 10, 9),
(3, '2021-03-08 09:25:56', 2, 32, 4),
(5, '2021-03-08 09:25:56', 2, 15, 2),
(7, '2021-03-08 09:25:56', 2, 191, 76),
(8, '2021-03-08 09:25:56', 2, 278, 106),
(9, '2021-03-08 09:25:56', 2, 299, 93),
(12, '2021-03-08 09:25:56', 2, 0, 0),
(13, '2021-03-08 09:25:56', 2, 8, 4),
(3, '2021-03-08 09:25:56', 2, 32, 2),
(5, '2021-03-08 09:25:56', 2, 14, 9),
(7, '2021-03-08 09:25:56', 2, 212, 125),
(8, '2021-03-08 09:25:56', 2, 286, 237),
(9, '2021-03-08 09:25:56', 2, 304, 54),
(12, '2021-03-08 09:25:56', 2, 0, 0),
(13, '2021-03-08 09:25:56', 2, 8, 0),
(3, '2021-03-08 09:25:56', 2, 30, 18),
(5, '2021-03-08 09:25:56', 2, 16, 11),
(7, '2021-03-08 09:25:56', 2, 187, 195),
(8, '2021-03-08 09:25:56', 2, 286, 28),
(9, '2021-03-08 09:25:56', 2, 266, 161),
(12, '2021-03-08 09:25:56', 2, 0, 0),
(13, '2021-03-08 09:25:56', 2, 10, 1),
(3, '2021-03-08 09:25:56', 2, 29, 16),
(5, '2021-03-08 09:25:56', 2, 14, 7),
(7, '2021-03-08 09:25:56', 2, 217, 110),
(8, '2021-03-08 09:25:56', 2, 253, 204),
(9, '2021-03-08 09:25:56', 2, 299, 96),
(12, '2021-03-08 09:25:56', 2, 0, 0),
(13, '2021-03-08 09:25:56', 2, 9, 3),
(3, '2021-03-08 09:25:56', 2, 32, 15),
(5, '2021-03-08 09:25:56', 2, 14, 5),
(7, '2021-03-08 09:25:56', 2, 181, 156),
(8, '2021-03-08 09:25:56', 2, 291, 183),
(9, '2021-03-08 09:25:56', 2, 281, 9),
(12, '2021-03-08 09:25:56', 2, 0, 0),
(13, '2021-03-08 09:25:56', 2, 9, 4),
(3, '2021-03-08 09:25:56', 2, 30, 28),
(5, '2021-03-08 09:25:56', 2, 17, 1),
(7, '2021-03-08 09:25:56', 2, 218, 51),
(8, '2021-03-08 09:25:56', 2, 251, 93),
(9, '2021-03-08 09:25:56', 2, 315, 225),
(12, '2021-03-08 09:25:56', 2, 0, 0),
(13, '2021-03-08 09:25:56', 2, 9, 3),
(3, '2021-03-08 09:25:56', 2, 27, 13),
(5, '2021-03-08 09:25:56', 2, 18, 15),
(7, '2021-03-08 09:25:56', 2, 214, 167),
(8, '2021-03-08 09:25:56', 2, 278, 100),
(9, '2021-03-08 09:25:56', 2, 289, 164),
(12, '2021-03-08 09:25:56', 2, 0, 0),
(13, '2021-03-08 09:25:56', 2, 10, 8),
(3, '2021-03-08 09:25:56', 2, 27, 11),
(5, '2021-03-08 09:25:56', 2, 16, 13),
(7, '2021-03-08 09:25:56', 2, 187, 158),
(8, '2021-03-08 09:25:56', 2, 285, 265),
(9, '2021-03-08 09:25:56', 2, 281, 168),
(12, '2021-03-08 09:25:56', 2, 0, 0),
(13, '2021-03-08 09:25:56', 2, 9, 1),
(3, '2021-03-08 09:25:56', 2, 28, 18),
(5, '2021-03-08 09:25:56', 2, 17, 15),
(7, '2021-03-08 09:25:56', 2, 191, 51),
(8, '2021-03-08 09:25:56', 2, 290, 248),
(9, '2021-03-08 09:25:56', 2, 318, 148),
(12, '2021-03-08 09:25:56', 2, 0, 0),
(13, '2021-03-08 09:25:56', 2, 9, 7),
(3, '2021-03-08 09:25:56', 2, 27, 6),
(5, '2021-03-08 09:25:56', 2, 14, 10),
(7, '2021-03-08 09:25:56', 2, 186, 130),
(8, '2021-03-08 09:25:56', 2, 246, 47),
(9, '2021-03-08 09:25:56', 2, 306, 101),
(12, '2021-03-08 09:25:56', 2, 0, 0),
(13, '2021-03-08 09:25:56', 2, 8, 0),
(3, '2021-03-08 09:25:56', 2, 31, 21),
(5, '2021-03-08 09:25:56', 2, 17, 10),
(7, '2021-03-08 09:25:56', 2, 199, 80),
(8, '2021-03-08 09:25:56', 2, 270, 246),
(9, '2021-03-08 09:25:56', 2, 311, 224),
(12, '2021-03-08 09:25:56', 2, 0, 0),
(13, '2021-03-08 09:25:56', 2, 10, 9),
(3, '2021-03-08 09:25:56', 2, 27, 11),
(5, '2021-03-08 09:25:56', 2, 18, 16),
(7, '2021-03-08 09:25:56', 2, 204, 189),
(8, '2021-03-08 09:25:56', 2, 279, 122),
(9, '2021-03-08 09:25:56', 2, 272, 199),
(12, '2021-03-08 09:25:56', 2, 0, 0),
(13, '2021-03-08 09:25:56', 2, 8, 7),
(3, '2021-03-08 09:25:56', 2, 31, 23),
(5, '2021-03-08 09:25:56', 2, 17, 11),
(7, '2021-03-08 09:25:56', 2, 192, 0),
(8, '2021-03-08 09:25:56', 2, 254, 99),
(9, '2021-03-08 09:25:56', 2, 282, 77),
(12, '2021-03-08 09:25:56', 2, 0, 0),
(13, '2021-03-08 09:25:56', 2, 9, 4),
(3, '2021-03-08 09:25:56', 2, 32, 18),
(5, '2021-03-08 09:25:56', 2, 14, 15),
(7, '2021-03-08 09:25:56', 2, 211, 40),
(8, '2021-03-08 09:25:56', 2, 285, 5),
(9, '2021-03-08 09:25:56', 2, 297, 76),
(12, '2021-03-08 09:25:56', 2, 0, 0),
(13, '2021-03-08 09:25:56', 2, 9, 6),
(3, '2021-03-08 09:25:56', 2, 31, 5),
(5, '2021-03-08 09:25:56', 2, 18, 3),
(7, '2021-03-08 09:25:56', 2, 190, 9),
(8, '2021-03-08 09:25:56', 2, 276, 151),
(9, '2021-03-08 09:25:56', 2, 300, 140),
(12, '2021-03-08 09:25:56', 2, 0, 0),
(13, '2021-03-08 09:25:56', 2, 10, 1),
(3, '2021-03-08 09:25:56', 2, 31, 0),
(5, '2021-03-08 09:25:56', 2, 16, 14),
(7, '2021-03-08 09:25:56', 2, 217, 139),
(8, '2021-03-08 09:25:56', 2, 284, 24),
(9, '2021-03-08 09:25:56', 2, 310, 6),
(12, '2021-03-08 09:25:56', 2, 0, 0),
(13, '2021-03-08 09:25:56', 2, 10, 4),
(3, '2021-03-08 09:25:56', 2, 28, 24),
(5, '2021-03-08 09:25:56', 2, 15, 3),
(7, '2021-03-08 09:25:56', 2, 194, 85),
(8, '2021-03-08 09:25:56', 2, 262, 225),
(9, '2021-03-08 09:25:56', 2, 283, 116),
(12, '2021-03-08 09:25:56', 2, 0, 0),
(13, '2021-03-08 09:25:56', 2, 9, 2),
(3, '2021-03-08 09:25:56', 2, 33, 27),
(5, '2021-03-08 09:25:56', 2, 17, 9),
(7, '2021-03-08 09:25:56', 2, 197, 9),
(8, '2021-03-08 09:25:56', 2, 272, 140),
(9, '2021-03-08 09:25:56', 2, 306, 48),
(12, '2021-03-08 09:25:56', 2, 0, 0),
(13, '2021-03-08 09:25:56', 2, 8, 8),
(3, '2021-03-08 09:25:56', 2, 28, 25),
(5, '2021-03-08 09:25:56', 2, 16, 0),
(7, '2021-03-08 09:25:56', 2, 203, 183),
(8, '2021-03-08 09:25:56', 2, 285, 184),
(9, '2021-03-08 09:25:56', 2, 288, 263),
(12, '2021-03-08 09:25:56', 2, 0, 0),
(13, '2021-03-08 09:25:56', 2, 9, 7),
(3, '2021-03-08 09:25:56', 2, 31, 23),
(5, '2021-03-08 09:25:56', 2, 18, 0),
(7, '2021-03-08 09:25:56', 2, 185, 118),
(8, '2021-03-08 09:25:56', 2, 262, 102),
(9, '2021-03-08 09:25:56', 2, 314, 253),
(12, '2021-03-08 09:25:56', 2, 0, 0),
(13, '2021-03-08 09:25:56', 2, 10, 2),
(3, '2021-03-08 09:25:56', 2, 27, 1),
(5, '2021-03-08 09:25:56', 2, 18, 2),
(7, '2021-03-08 09:25:56', 2, 207, 58),
(8, '2021-03-08 09:25:56', 2, 268, 112),
(9, '2021-03-08 09:25:56', 2, 297, 131),
(12, '2021-03-08 09:25:56', 2, 0, 0),
(13, '2021-03-08 09:25:56', 2, 8, 1),
(3, '2021-03-08 09:25:56', 2, 29, 19),
(5, '2021-03-08 09:25:56', 2, 18, 15),
(7, '2021-03-08 09:25:56', 2, 206, 20),
(8, '2021-03-08 09:25:56', 2, 281, 151),
(9, '2021-03-08 09:25:56', 2, 292, 97),
(12, '2021-03-08 09:25:56', 2, 0, 0),
(13, '2021-03-08 09:25:56', 2, 8, 6),
(3, '2021-03-08 09:25:56', 2, 30, 22),
(5, '2021-03-08 09:25:56', 2, 16, 15),
(7, '2021-03-08 09:25:56', 2, 216, 74),
(8, '2021-03-08 09:25:56', 2, 262, 127),
(9, '2021-03-08 09:25:56', 2, 265, 232),
(12, '2021-03-08 09:25:56', 2, 0, 0),
(13, '2021-03-08 09:25:56', 2, 9, 9),
(3, '2021-03-08 09:25:56', 2, 33, 24),
(5, '2021-03-08 09:25:56', 2, 18, 4),
(7, '2021-03-08 09:25:56', 2, 216, 36),
(8, '2021-03-08 09:25:56', 2, 249, 194),
(9, '2021-03-08 09:25:56', 2, 274, 33),
(12, '2021-03-08 09:25:56', 2, 0, 0),
(13, '2021-03-08 09:25:56', 2, 9, 9),
(3, '2021-03-08 09:25:56', 2, 32, 30),
(5, '2021-03-08 09:25:56', 2, 15, 6),
(7, '2021-03-08 09:25:56', 2, 184, 27),
(8, '2021-03-08 09:25:56', 2, 260, 140),
(9, '2021-03-08 09:25:56', 2, 290, 218),
(12, '2021-03-08 09:25:56', 2, 0, 0),
(13, '2021-03-08 09:25:56', 2, 8, 2),
(3, '2021-03-08 09:25:56', 2, 33, 12),
(5, '2021-03-08 09:25:56', 2, 18, 7),
(7, '2021-03-08 09:25:56', 2, 178, 102),
(8, '2021-03-08 09:25:56', 2, 284, 263),
(9, '2021-03-08 09:25:56', 2, 270, 23),
(12, '2021-03-08 09:25:56', 2, 0, 0),
(13, '2021-03-08 09:25:56', 2, 8, 3),
(3, '2021-03-08 09:25:56', 2, 30, 0),
(5, '2021-03-08 09:25:56', 2, 14, 11),
(7, '2021-03-08 09:25:56', 2, 212, 78),
(8, '2021-03-08 09:25:56', 2, 276, 76),
(9, '2021-03-08 09:25:56', 2, 283, 117),
(12, '2021-03-08 09:25:56', 2, 0, 0),
(13, '2021-03-08 09:25:56', 2, 10, 1),
(3, '2021-03-08 09:25:56', 2, 28, 5),
(5, '2021-03-08 09:25:56', 2, 16, 7),
(7, '2021-03-08 09:25:56', 2, 178, 132),
(8, '2021-03-08 09:25:56', 2, 244, 83),
(9, '2021-03-08 09:25:56', 2, 271, 73),
(12, '2021-03-08 09:25:56', 2, 0, 0),
(13, '2021-03-08 09:25:56', 2, 8, 0),
(3, '2021-03-08 09:25:56', 2, 32, 28),
(5, '2021-03-08 09:25:56', 2, 18, 10),
(7, '2021-03-08 09:25:56', 2, 178, 12),
(8, '2021-03-08 09:25:56', 2, 245, 31),
(9, '2021-03-08 09:25:56', 2, 297, 287),
(12, '2021-03-08 09:25:56', 2, 0, 0),
(13, '2021-03-08 09:25:56', 2, 9, 2),
(3, '2021-03-08 09:25:56', 2, 27, 21),
(5, '2021-03-08 09:25:56', 2, 17, 5),
(7, '2021-03-08 09:25:56', 2, 188, 123),
(8, '2021-03-08 09:25:56', 2, 248, 229),
(9, '2021-03-08 09:25:56', 2, 273, 123),
(12, '2021-03-08 09:25:56', 2, 0, 0),
(13, '2021-03-08 09:25:56', 2, 10, 9),
(3, '2021-03-08 09:25:56', 2, 31, 11),
(5, '2021-03-08 09:25:56', 2, 15, 14),
(7, '2021-03-08 09:25:56', 2, 189, 55),
(8, '2021-03-08 09:25:56', 2, 245, 235),
(9, '2021-03-08 09:25:56', 2, 316, 245),
(12, '2021-03-08 09:25:56', 2, 0, 0),
(13, '2021-03-08 09:25:56', 2, 9, 1),
(3, '2021-03-08 09:25:56', 2, 28, 11),
(5, '2021-03-08 09:25:56', 2, 17, 9),
(7, '2021-03-08 09:25:56', 2, 200, 121),
(8, '2021-03-08 09:25:57', 2, 271, 190),
(9, '2021-03-08 09:25:57', 2, 269, 31),
(12, '2021-03-08 09:25:57', 2, 0, 0),
(13, '2021-03-08 09:25:57', 2, 10, 6),
(3, '2021-03-08 09:25:57', 2, 33, 14),
(5, '2021-03-08 09:25:57', 2, 17, 8),
(7, '2021-03-08 09:25:57', 2, 212, 59),
(8, '2021-03-08 09:25:57', 2, 269, 113),
(9, '2021-03-08 09:25:57', 2, 269, 59),
(12, '2021-03-08 09:25:57', 2, 0, 0),
(13, '2021-03-08 09:25:57', 2, 10, 9),
(3, '2021-03-08 09:25:57', 2, 29, 18),
(5, '2021-03-08 09:25:57', 2, 14, 1),
(7, '2021-03-08 09:25:57', 2, 202, 83),
(8, '2021-03-08 09:25:57', 2, 278, 225),
(9, '2021-03-08 09:25:57', 2, 323, 158),
(12, '2021-03-08 09:25:57', 2, 0, 0),
(13, '2021-03-08 09:25:57', 2, 9, 5),
(3, '2021-03-08 09:25:57', 2, 28, 13),
(5, '2021-03-08 09:25:57', 2, 16, 10),
(7, '2021-03-08 09:25:57', 2, 182, 52),
(8, '2021-03-08 09:25:57', 2, 266, 115),
(9, '2021-03-08 09:25:57', 2, 278, 152),
(12, '2021-03-08 09:25:57', 2, 0, 0),
(13, '2021-03-08 09:25:57', 2, 8, 3),
(3, '2021-03-08 09:25:57', 2, 31, 0),
(5, '2021-03-08 09:25:57', 2, 16, 11),
(7, '2021-03-08 09:25:57', 2, 196, 2),
(8, '2021-03-08 09:25:57', 2, 253, 104),
(9, '2021-03-08 09:25:57', 2, 292, 39),
(12, '2021-03-08 09:25:57', 2, 0, 0),
(13, '2021-03-08 09:25:57', 2, 8, 6),
(3, '2021-03-08 09:25:57', 2, 33, 21),
(5, '2021-03-08 09:25:57', 2, 16, 8),
(7, '2021-03-08 09:25:57', 2, 196, 187),
(8, '2021-03-08 09:25:57', 2, 273, 221),
(9, '2021-03-08 09:25:57', 2, 309, 234),
(12, '2021-03-08 09:25:57', 2, 0, 0),
(13, '2021-03-08 09:25:57', 2, 10, 2),
(3, '2021-03-08 09:25:57', 2, 33, 29),
(5, '2021-03-08 09:25:57', 2, 14, 16),
(7, '2021-03-08 09:25:57', 2, 185, 0),
(8, '2021-03-08 09:25:57', 2, 285, 232),
(9, '2021-03-08 09:25:57', 2, 287, 188),
(12, '2021-03-08 09:25:57', 2, 0, 0),
(13, '2021-03-08 09:25:57', 2, 8, 8),
(3, '2021-03-08 09:25:57', 2, 33, 0),
(5, '2021-03-08 09:25:57', 2, 14, 13),
(7, '2021-03-08 09:25:57', 2, 191, 30),
(8, '2021-03-08 09:25:57', 2, 265, 81),
(9, '2021-03-08 09:25:57', 2, 324, 183),
(12, '2021-03-08 09:25:57', 2, 0, 0),
(13, '2021-03-08 09:25:57', 2, 9, 4),
(3, '2021-03-08 09:25:57', 2, 33, 7),
(5, '2021-03-08 09:25:57', 2, 14, 15),
(7, '2021-03-08 09:25:57', 2, 202, 54),
(8, '2021-03-08 09:25:57', 2, 293, 251),
(9, '2021-03-08 09:25:57', 2, 295, 57),
(12, '2021-03-08 09:25:57', 2, 0, 0),
(13, '2021-03-08 09:25:57', 2, 9, 1),
(3, '2021-03-08 09:25:57', 2, 32, 7),
(5, '2021-03-08 09:25:57', 2, 18, 16),
(7, '2021-03-08 09:25:57', 2, 215, 128),
(8, '2021-03-08 09:25:57', 2, 255, 162),
(9, '2021-03-08 09:25:57', 2, 324, 283),
(12, '2021-03-08 09:25:57', 2, 0, 0),
(13, '2021-03-08 09:25:57', 2, 10, 0),
(3, '2021-03-08 09:25:57', 2, 33, 17),
(5, '2021-03-08 09:25:57', 2, 17, 7),
(7, '2021-03-08 09:25:57', 2, 188, 9),
(8, '2021-03-08 09:25:57', 2, 281, 114),
(9, '2021-03-08 09:25:57', 2, 302, 23),
(12, '2021-03-08 09:25:57', 2, 0, 0),
(13, '2021-03-08 09:25:57', 2, 8, 3),
(3, '2021-03-08 09:25:57', 2, 28, 3),
(5, '2021-03-08 09:25:57', 2, 18, 14),
(7, '2021-03-08 09:25:57', 2, 211, 47),
(8, '2021-03-08 09:25:57', 2, 249, 121),
(9, '2021-03-08 09:25:57', 2, 282, 94),
(12, '2021-03-08 09:25:57', 2, 0, 0),
(13, '2021-03-08 09:25:57', 2, 9, 9),
(3, '2021-03-08 09:25:57', 2, 29, 9),
(5, '2021-03-08 09:25:57', 2, 16, 8),
(7, '2021-03-08 09:25:57', 2, 183, 11),
(8, '2021-03-08 09:25:57', 2, 261, 246),
(9, '2021-03-08 09:25:57', 2, 313, 179),
(12, '2021-03-08 09:25:57', 2, 0, 0),
(13, '2021-03-08 09:25:57', 2, 8, 5),
(3, '2021-03-08 09:25:57', 2, 29, 1),
(5, '2021-03-08 09:25:57', 2, 15, 0),
(7, '2021-03-08 09:25:57', 2, 217, 159),
(8, '2021-03-08 09:25:57', 2, 283, 41),
(9, '2021-03-08 09:25:57', 2, 269, 78),
(12, '2021-03-08 09:25:57', 2, 0, 0),
(13, '2021-03-08 09:25:57', 2, 8, 8);
INSERT INTO `tblstream` (`CircuitId`, `currDateTime`, `ShiftId`, `BatchesProduced`, `BatchesRejected`) VALUES
(3, '2021-03-08 09:25:57', 2, 27, 6),
(5, '2021-03-08 09:25:57', 2, 16, 5),
(7, '2021-03-08 09:25:57', 2, 209, 138),
(8, '2021-03-08 09:25:57', 2, 246, 235),
(9, '2021-03-08 09:25:57', 2, 316, 192),
(12, '2021-03-08 09:25:57', 2, 0, 0),
(13, '2021-03-08 09:25:57', 2, 10, 8),
(3, '2021-03-08 09:25:57', 2, 28, 14),
(5, '2021-03-08 09:25:57', 2, 14, 4),
(7, '2021-03-08 09:25:57', 2, 186, 92),
(8, '2021-03-08 09:25:57', 2, 247, 215),
(9, '2021-03-08 09:25:57', 2, 288, 67),
(12, '2021-03-08 09:25:57', 2, 0, 0),
(13, '2021-03-08 09:25:57', 2, 8, 8),
(3, '2021-03-08 09:25:57', 2, 28, 20),
(5, '2021-03-08 09:25:57', 2, 18, 10),
(7, '2021-03-08 09:25:57', 2, 195, 111),
(8, '2021-03-08 09:25:57', 2, 254, 216),
(9, '2021-03-08 09:25:57', 2, 282, 68),
(12, '2021-03-08 09:25:57', 2, 0, 0),
(13, '2021-03-08 09:25:57', 2, 8, 2),
(3, '2021-03-08 09:25:57', 2, 28, 7),
(5, '2021-03-08 09:25:57', 2, 16, 12),
(7, '2021-03-08 09:25:57', 2, 213, 139),
(8, '2021-03-08 09:25:57', 2, 247, 131),
(9, '2021-03-08 09:25:57', 2, 311, 154),
(12, '2021-03-08 09:25:57', 2, 0, 0),
(13, '2021-03-08 09:25:57', 2, 10, 8),
(3, '2021-03-08 09:25:57', 2, 29, 17),
(5, '2021-03-08 09:25:57', 2, 17, 0),
(7, '2021-03-08 09:25:57', 2, 197, 90),
(8, '2021-03-08 09:25:57', 2, 270, 30),
(9, '2021-03-08 09:25:57', 2, 281, 272),
(12, '2021-03-08 09:25:57', 2, 0, 0),
(13, '2021-03-08 09:25:57', 2, 9, 2),
(3, '2021-03-08 09:25:57', 2, 28, 16),
(5, '2021-03-08 09:25:57', 2, 14, 4),
(7, '2021-03-08 09:25:57', 2, 205, 160),
(8, '2021-03-08 09:25:57', 2, 242, 41),
(9, '2021-03-08 09:25:57', 2, 288, 128),
(12, '2021-03-08 09:25:57', 2, 0, 0),
(13, '2021-03-08 09:25:57', 2, 9, 8),
(3, '2021-03-08 09:25:57', 2, 33, 21),
(5, '2021-03-08 09:25:57', 2, 16, 8),
(7, '2021-03-08 09:25:57', 2, 218, 98),
(8, '2021-03-08 09:25:57', 2, 246, 9),
(9, '2021-03-08 09:25:57', 2, 318, 80),
(12, '2021-03-08 09:25:57', 2, 0, 0),
(13, '2021-03-08 09:25:57', 2, 10, 4),
(3, '2021-03-08 09:25:57', 2, 32, 23),
(5, '2021-03-08 09:25:57', 2, 17, 13),
(7, '2021-03-08 09:25:57', 2, 215, 182),
(8, '2021-03-08 09:25:57', 2, 248, 31),
(9, '2021-03-08 09:25:57', 2, 297, 256),
(12, '2021-03-08 09:25:57', 2, 0, 0),
(13, '2021-03-08 09:25:57', 2, 10, 8),
(3, '2021-03-08 09:25:57', 2, 33, 0),
(5, '2021-03-08 09:25:57', 2, 14, 11),
(7, '2021-03-08 09:25:57', 2, 214, 5),
(8, '2021-03-08 09:25:57', 2, 268, 234),
(9, '2021-03-08 09:25:57', 2, 296, 260),
(12, '2021-03-08 09:25:57', 2, 0, 0),
(13, '2021-03-08 09:25:57', 2, 10, 0),
(3, '2021-03-08 09:25:57', 2, 31, 28),
(5, '2021-03-08 09:25:57', 2, 17, 15),
(7, '2021-03-08 09:25:57', 2, 191, 18),
(8, '2021-03-08 09:25:57', 2, 245, 217),
(9, '2021-03-08 09:25:57', 2, 304, 287),
(12, '2021-03-08 09:25:57', 2, 0, 0),
(13, '2021-03-08 09:25:57', 2, 8, 7),
(3, '2021-03-08 09:25:57', 2, 29, 9),
(5, '2021-03-08 09:25:57', 2, 15, 0),
(7, '2021-03-08 09:25:57', 2, 188, 99),
(8, '2021-03-08 09:25:57', 2, 279, 39),
(9, '2021-03-08 09:25:57', 2, 291, 201),
(12, '2021-03-08 09:25:57', 2, 0, 0),
(13, '2021-03-08 09:25:57', 2, 8, 3),
(3, '2021-03-08 09:25:57', 2, 31, 13),
(5, '2021-03-08 09:25:57', 2, 17, 5),
(7, '2021-03-08 09:25:57', 2, 184, 168),
(8, '2021-03-08 09:25:57', 2, 282, 163),
(9, '2021-03-08 09:25:57', 2, 278, 288),
(12, '2021-03-08 09:25:57', 2, 0, 0),
(13, '2021-03-08 09:25:57', 2, 9, 9),
(3, '2021-03-08 09:25:57', 2, 31, 7),
(5, '2021-03-08 09:25:57', 2, 18, 13),
(7, '2021-03-08 09:25:57', 2, 205, 145),
(8, '2021-03-08 09:25:57', 2, 267, 117),
(9, '2021-03-08 09:25:57', 2, 280, 52),
(12, '2021-03-08 09:25:57', 2, 0, 0),
(13, '2021-03-08 09:25:57', 2, 10, 6),
(3, '2021-03-08 09:25:57', 2, 30, 12),
(5, '2021-03-08 09:25:57', 2, 15, 14),
(7, '2021-03-08 09:25:57', 2, 209, 50),
(8, '2021-03-08 09:25:57', 2, 243, 22),
(9, '2021-03-08 09:25:57', 2, 293, 240),
(12, '2021-03-08 09:25:57', 2, 0, 0),
(13, '2021-03-08 09:25:57', 2, 10, 1),
(3, '2021-03-08 09:25:57', 2, 33, 15),
(5, '2021-03-08 09:25:57', 2, 15, 11),
(7, '2021-03-08 09:25:57', 2, 189, 104),
(8, '2021-03-08 09:25:57', 2, 254, 44),
(9, '2021-03-08 09:25:57', 2, 291, 110),
(12, '2021-03-08 09:25:57', 2, 0, 0),
(13, '2021-03-08 09:25:57', 2, 8, 3),
(3, '2021-03-08 09:25:57', 2, 28, 9),
(5, '2021-03-08 09:25:57', 2, 17, 14),
(7, '2021-03-08 09:25:57', 2, 198, 121),
(8, '2021-03-08 09:25:57', 2, 262, 162),
(9, '2021-03-08 09:25:57', 2, 272, 26),
(12, '2021-03-08 09:25:57', 2, 0, 0),
(13, '2021-03-08 09:25:57', 2, 9, 8),
(3, '2021-03-08 09:25:57', 2, 33, 29),
(5, '2021-03-08 09:25:57', 2, 18, 6),
(7, '2021-03-08 09:25:57', 2, 190, 108),
(8, '2021-03-08 09:25:57', 2, 263, 104),
(9, '2021-03-08 09:25:57', 2, 287, 291),
(12, '2021-03-08 09:25:57', 2, 0, 0),
(13, '2021-03-08 09:25:57', 2, 9, 3),
(3, '2021-03-08 09:25:57', 2, 29, 11),
(5, '2021-03-08 09:25:57', 2, 15, 14),
(7, '2021-03-08 09:25:57', 2, 200, 184),
(8, '2021-03-08 09:25:57', 2, 288, 183),
(9, '2021-03-08 09:25:57', 2, 290, 10),
(12, '2021-03-08 09:25:57', 2, 0, 0),
(13, '2021-03-08 09:25:57', 2, 8, 2),
(3, '2021-03-08 09:25:57', 2, 29, 17),
(5, '2021-03-08 09:25:57', 2, 15, 14),
(7, '2021-03-08 09:25:57', 2, 186, 1),
(8, '2021-03-08 09:25:57', 2, 282, 134),
(9, '2021-03-08 09:25:57', 2, 281, 236),
(12, '2021-03-08 09:25:57', 2, 0, 0),
(13, '2021-03-08 09:25:57', 2, 9, 2),
(3, '2021-03-08 09:25:57', 2, 29, 23),
(5, '2021-03-08 09:25:57', 2, 15, 14),
(7, '2021-03-08 09:25:57', 2, 190, 161),
(8, '2021-03-08 09:25:57', 2, 259, 102),
(9, '2021-03-08 09:25:57', 2, 309, 258),
(12, '2021-03-08 09:25:57', 2, 0, 0),
(13, '2021-03-08 09:25:57', 2, 9, 6),
(3, '2021-03-08 09:25:57', 2, 30, 7),
(5, '2021-03-08 09:25:57', 2, 14, 8),
(7, '2021-03-08 09:25:57', 2, 216, 95),
(8, '2021-03-08 09:25:57', 2, 249, 47),
(9, '2021-03-08 09:25:57', 2, 271, 120),
(12, '2021-03-08 09:25:57', 2, 0, 0),
(13, '2021-03-08 09:25:57', 2, 8, 5),
(3, '2021-03-08 09:25:57', 2, 32, 26),
(5, '2021-03-08 09:25:57', 2, 16, 16),
(7, '2021-03-08 09:25:57', 2, 213, 161),
(8, '2021-03-08 09:25:57', 2, 279, 41),
(9, '2021-03-08 09:25:57', 2, 273, 144),
(12, '2021-03-08 09:25:57', 2, 0, 0),
(13, '2021-03-08 09:25:58', 2, 9, 1),
(3, '2021-03-08 09:25:58', 2, 27, 11),
(5, '2021-03-08 09:25:58', 2, 15, 13),
(7, '2021-03-08 09:25:58', 2, 198, 71),
(8, '2021-03-08 09:25:58', 2, 250, 52),
(9, '2021-03-08 09:25:58', 2, 309, 26),
(12, '2021-03-08 09:25:58', 2, 0, 0),
(13, '2021-03-08 09:25:58', 2, 9, 4),
(3, '2021-03-08 09:25:58', 2, 30, 26),
(5, '2021-03-08 09:25:58', 2, 16, 11),
(7, '2021-03-08 09:25:58', 2, 190, 11),
(8, '2021-03-08 09:25:58', 2, 269, 203),
(9, '2021-03-08 09:25:58', 2, 314, 75),
(12, '2021-03-08 09:25:58', 2, 0, 0),
(13, '2021-03-08 09:25:58', 2, 8, 2),
(3, '2021-03-08 09:25:58', 2, 28, 23),
(5, '2021-03-08 09:25:58', 2, 16, 16),
(7, '2021-03-08 09:25:58', 2, 204, 60),
(8, '2021-03-08 09:25:58', 2, 274, 10),
(9, '2021-03-08 09:25:58', 2, 268, 113),
(12, '2021-03-08 09:25:58', 2, 0, 0),
(13, '2021-03-08 09:25:58', 2, 9, 7),
(3, '2021-03-08 09:25:58', 2, 27, 28),
(5, '2021-03-08 09:25:58', 2, 14, 5),
(7, '2021-03-08 09:25:58', 2, 209, 133),
(8, '2021-03-08 09:25:58', 2, 270, 158),
(9, '2021-03-08 09:25:58', 2, 317, 134),
(12, '2021-03-08 09:25:58', 2, 0, 0),
(13, '2021-03-08 09:25:58', 2, 8, 7),
(3, '2021-03-08 09:25:58', 2, 28, 4),
(5, '2021-03-08 09:25:58', 2, 18, 0),
(7, '2021-03-08 09:25:58', 2, 181, 98),
(8, '2021-03-08 09:25:58', 2, 254, 78),
(9, '2021-03-08 09:25:58', 2, 302, 65),
(12, '2021-03-08 09:25:58', 2, 0, 0),
(13, '2021-03-08 09:25:58', 2, 10, 7),
(3, '2021-03-08 09:25:58', 2, 29, 12),
(5, '2021-03-08 09:25:58', 2, 15, 12),
(7, '2021-03-08 09:25:58', 2, 210, 115),
(8, '2021-03-08 09:25:58', 2, 261, 55),
(9, '2021-03-08 09:25:58', 2, 310, 47),
(12, '2021-03-08 09:25:58', 2, 0, 0),
(13, '2021-03-08 09:25:58', 2, 10, 3),
(3, '2021-03-08 09:25:58', 2, 30, 10),
(5, '2021-03-08 09:25:58', 2, 17, 16),
(7, '2021-03-08 09:25:58', 2, 193, 182),
(8, '2021-03-08 09:25:58', 2, 254, 147),
(9, '2021-03-08 09:25:58', 2, 272, 232),
(12, '2021-03-08 09:25:58', 2, 0, 0),
(13, '2021-03-08 09:25:58', 2, 9, 5),
(3, '2021-03-08 09:25:58', 2, 27, 21),
(5, '2021-03-08 09:25:58', 2, 18, 14),
(7, '2021-03-08 09:25:58', 2, 188, 126),
(8, '2021-03-08 09:25:58', 2, 243, 250),
(9, '2021-03-08 09:25:58', 2, 313, 73),
(12, '2021-03-08 09:25:58', 2, 0, 0),
(13, '2021-03-08 09:25:58', 2, 8, 5),
(3, '2021-03-08 09:25:58', 2, 31, 12),
(5, '2021-03-08 09:25:58', 2, 14, 7),
(7, '2021-03-08 09:25:58', 2, 188, 1),
(8, '2021-03-08 09:25:58', 2, 260, 106),
(9, '2021-03-08 09:25:58', 2, 303, 31),
(12, '2021-03-08 09:25:58', 2, 0, 0),
(13, '2021-03-08 09:25:58', 2, 10, 3),
(3, '2021-03-08 09:25:58', 2, 28, 16),
(5, '2021-03-08 09:25:58', 2, 14, 12),
(7, '2021-03-08 09:25:58', 2, 202, 104),
(8, '2021-03-08 09:25:58', 2, 280, 183),
(9, '2021-03-08 09:25:58', 2, 293, 112),
(12, '2021-03-08 09:25:58', 2, 0, 0),
(13, '2021-03-08 09:25:58', 2, 10, 3),
(3, '2021-03-08 09:25:58', 2, 33, 6),
(5, '2021-03-08 09:25:58', 2, 14, 1),
(7, '2021-03-08 09:25:58', 2, 194, 105),
(8, '2021-03-08 09:25:58', 2, 246, 198),
(9, '2021-03-08 09:25:58', 2, 278, 98),
(12, '2021-03-08 09:25:58', 2, 0, 0),
(13, '2021-03-08 09:25:58', 2, 9, 2),
(3, '2021-03-08 09:25:58', 2, 27, 23),
(5, '2021-03-08 09:25:58', 2, 16, 9),
(7, '2021-03-08 09:25:58', 2, 189, 107),
(8, '2021-03-08 09:25:58', 2, 263, 205),
(9, '2021-03-08 09:25:58', 2, 286, 170),
(12, '2021-03-08 09:25:58', 2, 0, 0),
(13, '2021-03-08 09:25:58', 2, 10, 0),
(3, '2021-03-08 09:25:58', 2, 27, 12),
(5, '2021-03-08 09:25:58', 2, 17, 1),
(7, '2021-03-08 09:25:58', 2, 200, 16),
(8, '2021-03-08 09:25:58', 2, 274, 50),
(9, '2021-03-08 09:25:58', 2, 265, 39),
(12, '2021-03-08 09:25:58', 2, 0, 0),
(13, '2021-03-08 09:25:58', 2, 9, 8),
(3, '2021-03-08 09:25:58', 2, 32, 21),
(5, '2021-03-08 09:25:58', 2, 16, 16),
(7, '2021-03-08 09:25:58', 2, 197, 155),
(8, '2021-03-08 09:25:58', 2, 241, 232),
(9, '2021-03-08 09:25:58', 2, 286, 197),
(12, '2021-03-08 09:25:58', 2, 0, 0),
(13, '2021-03-08 09:25:58', 2, 8, 6),
(3, '2021-03-08 09:25:58', 2, 30, 23),
(5, '2021-03-08 09:25:58', 2, 18, 6),
(7, '2021-03-08 09:25:58', 2, 206, 4),
(8, '2021-03-08 09:25:58', 2, 286, 104),
(9, '2021-03-08 09:25:58', 2, 322, 7),
(12, '2021-03-08 09:25:58', 2, 0, 0),
(13, '2021-03-08 09:25:58', 2, 8, 3),
(3, '2021-03-08 09:25:58', 2, 29, 20),
(5, '2021-03-08 09:25:58', 2, 14, 1),
(7, '2021-03-08 09:25:58', 2, 214, 69),
(8, '2021-03-08 09:25:58', 2, 262, 261),
(9, '2021-03-08 09:25:58', 2, 287, 292),
(12, '2021-03-08 09:25:58', 2, 0, 0),
(13, '2021-03-08 09:25:58', 2, 9, 1),
(3, '2021-03-08 09:25:58', 2, 28, 28),
(5, '2021-03-08 09:25:58', 2, 14, 11),
(7, '2021-03-08 09:25:58', 2, 178, 154),
(8, '2021-03-08 09:25:58', 2, 285, 134),
(9, '2021-03-08 09:25:58', 2, 291, 251),
(12, '2021-03-08 09:25:58', 2, 0, 0),
(13, '2021-03-08 09:25:58', 2, 8, 4),
(3, '2021-03-08 09:25:58', 2, 33, 15),
(5, '2021-03-08 09:25:58', 2, 14, 9),
(7, '2021-03-08 09:25:58', 2, 210, 52),
(8, '2021-03-08 09:25:58', 2, 270, 138),
(9, '2021-03-08 09:25:58', 2, 293, 71),
(12, '2021-03-08 09:25:58', 2, 0, 0),
(13, '2021-03-08 09:25:58', 2, 10, 1),
(3, '2021-03-08 09:25:58', 2, 29, 19),
(5, '2021-03-08 09:25:58', 2, 15, 8),
(7, '2021-03-08 09:25:58', 2, 179, 137),
(8, '2021-03-08 09:25:58', 2, 288, 10),
(9, '2021-03-08 09:25:58', 2, 271, 84),
(12, '2021-03-08 09:25:58', 2, 0, 0),
(13, '2021-03-08 09:25:58', 2, 10, 9),
(3, '2021-03-08 09:25:58', 2, 31, 14),
(5, '2021-03-08 09:25:58', 2, 14, 8),
(7, '2021-03-08 09:25:58', 2, 194, 181),
(8, '2021-03-08 09:25:58', 2, 291, 212),
(9, '2021-03-08 09:25:58', 2, 281, 205),
(12, '2021-03-08 09:25:58', 2, 0, 0),
(13, '2021-03-08 09:25:58', 2, 9, 9),
(3, '2021-03-08 09:25:58', 2, 29, 1),
(5, '2021-03-08 09:25:58', 2, 18, 8),
(7, '2021-03-08 09:25:58', 2, 216, 3),
(8, '2021-03-08 09:25:58', 2, 278, 250),
(9, '2021-03-08 09:25:58', 2, 305, 69),
(12, '2021-03-08 09:25:58', 2, 0, 0),
(13, '2021-03-08 09:25:58', 2, 9, 9),
(3, '2021-03-08 09:25:58', 2, 30, 6),
(5, '2021-03-08 09:25:58', 2, 16, 4),
(7, '2021-03-08 09:25:58', 2, 213, 37),
(8, '2021-03-08 09:25:58', 2, 259, 208),
(9, '2021-03-08 09:25:58', 2, 295, 283),
(12, '2021-03-08 09:25:58', 2, 0, 0),
(13, '2021-03-08 09:25:58', 2, 9, 3),
(3, '2021-03-08 09:25:58', 2, 27, 26),
(5, '2021-03-08 09:25:58', 2, 16, 5),
(7, '2021-03-08 09:25:58', 2, 217, 33),
(8, '2021-03-08 09:25:58', 2, 255, 213),
(9, '2021-03-08 09:25:58', 2, 313, 129),
(12, '2021-03-08 09:25:58', 2, 0, 0),
(13, '2021-03-08 09:25:58', 2, 9, 8),
(3, '2021-03-08 09:25:58', 2, 33, 28),
(5, '2021-03-08 09:25:58', 2, 18, 3),
(7, '2021-03-08 09:25:58', 2, 212, 156),
(8, '2021-03-08 09:25:58', 2, 254, 46),
(9, '2021-03-08 09:25:58', 2, 316, 110),
(12, '2021-03-08 09:25:58', 2, 0, 0),
(13, '2021-03-08 09:25:58', 2, 9, 7),
(3, '2021-03-08 09:25:58', 2, 29, 12),
(5, '2021-03-08 09:25:58', 2, 16, 0),
(7, '2021-03-08 09:25:58', 2, 211, 92),
(8, '2021-03-08 09:25:58', 2, 253, 133),
(9, '2021-03-08 09:25:58', 2, 315, 87),
(12, '2021-03-08 09:25:58', 2, 0, 0),
(13, '2021-03-08 09:25:58', 2, 8, 5),
(3, '2021-03-08 09:25:58', 2, 32, 16),
(5, '2021-03-08 09:25:58', 2, 18, 12),
(7, '2021-03-08 09:25:58', 2, 196, 155),
(8, '2021-03-08 09:25:58', 2, 250, 223),
(9, '2021-03-08 09:25:58', 2, 285, 274),
(12, '2021-03-08 09:25:58', 2, 0, 0),
(13, '2021-03-08 09:25:58', 2, 8, 2),
(3, '2021-03-08 09:25:58', 2, 27, 27),
(5, '2021-03-08 09:25:58', 2, 18, 0),
(7, '2021-03-08 09:25:58', 2, 180, 101),
(8, '2021-03-08 09:25:58', 2, 263, 12),
(9, '2021-03-08 09:25:58', 2, 289, 285),
(12, '2021-03-08 09:25:58', 2, 0, 0),
(13, '2021-03-08 09:25:58', 2, 9, 8),
(3, '2021-03-08 09:25:58', 2, 28, 0),
(5, '2021-03-08 09:25:58', 2, 16, 10),
(7, '2021-03-08 09:25:58', 2, 197, 104),
(8, '2021-03-08 09:25:58', 2, 248, 102),
(9, '2021-03-08 09:25:58', 2, 308, 232),
(12, '2021-03-08 09:25:58', 2, 0, 0),
(13, '2021-03-08 09:25:58', 2, 8, 4),
(3, '2021-03-08 09:25:58', 2, 32, 9),
(5, '2021-03-08 09:25:58', 2, 14, 12),
(7, '2021-03-08 09:25:58', 2, 194, 164),
(8, '2021-03-08 09:25:58', 2, 254, 238),
(9, '2021-03-08 09:25:58', 2, 315, 235),
(12, '2021-03-08 09:25:58', 2, 0, 0),
(13, '2021-03-08 09:25:58', 2, 9, 6),
(3, '2021-03-08 09:25:58', 2, 27, 16),
(5, '2021-03-08 09:25:58', 2, 14, 6),
(7, '2021-03-08 09:25:58', 2, 215, 44),
(8, '2021-03-08 09:25:58', 2, 242, 186),
(9, '2021-03-08 09:25:58', 2, 319, 102),
(12, '2021-03-08 09:25:58', 2, 0, 0),
(13, '2021-03-08 09:25:58', 2, 8, 9),
(3, '2021-03-08 09:25:58', 2, 27, 27),
(5, '2021-03-08 09:25:58', 2, 17, 9),
(7, '2021-03-08 09:25:58', 2, 191, 33),
(8, '2021-03-08 09:25:58', 2, 289, 83),
(9, '2021-03-08 09:25:58', 2, 315, 203),
(12, '2021-03-08 09:25:58', 2, 0, 0),
(13, '2021-03-08 09:25:58', 2, 8, 7),
(3, '2021-03-08 09:25:58', 2, 33, 29),
(5, '2021-03-08 09:25:58', 2, 18, 11),
(7, '2021-03-08 09:25:58', 2, 186, 15),
(8, '2021-03-08 09:25:58', 2, 276, 2),
(9, '2021-03-08 09:25:58', 2, 286, 141),
(12, '2021-03-08 09:25:58', 2, 0, 0),
(13, '2021-03-08 09:25:58', 2, 8, 2),
(3, '2021-03-08 09:25:58', 2, 30, 14),
(5, '2021-03-08 09:25:58', 2, 16, 1),
(7, '2021-03-08 09:25:58', 2, 190, 61),
(8, '2021-03-08 09:25:58', 2, 251, 161),
(9, '2021-03-08 09:25:58', 2, 288, 187),
(12, '2021-03-08 09:25:58', 2, 0, 0),
(13, '2021-03-08 09:25:58', 2, 8, 6),
(3, '2021-03-08 09:25:58', 2, 32, 12),
(5, '2021-03-08 09:25:58', 2, 15, 3),
(7, '2021-03-08 09:25:58', 2, 212, 40),
(8, '2021-03-08 09:25:58', 2, 276, 88),
(9, '2021-03-08 09:25:58', 2, 322, 213),
(12, '2021-03-08 09:25:58', 2, 0, 0),
(13, '2021-03-08 09:25:58', 2, 9, 1),
(3, '2021-03-08 09:25:58', 2, 29, 29),
(5, '2021-03-08 09:25:58', 2, 14, 6),
(7, '2021-03-08 09:25:58', 2, 209, 162),
(8, '2021-03-08 09:25:58', 2, 259, 11),
(9, '2021-03-08 09:25:58', 2, 305, 28),
(12, '2021-03-08 09:25:58', 2, 0, 0),
(13, '2021-03-08 09:25:58', 2, 9, 7),
(3, '2021-03-08 09:25:58', 2, 28, 28),
(5, '2021-03-08 09:25:58', 2, 15, 1),
(7, '2021-03-08 09:25:58', 2, 190, 13),
(8, '2021-03-08 09:25:58', 2, 256, 34),
(9, '2021-03-08 09:25:58', 2, 274, 98),
(12, '2021-03-08 09:25:58', 2, 0, 0),
(13, '2021-03-08 09:25:58', 2, 8, 2),
(3, '2021-03-08 09:25:58', 2, 28, 8),
(5, '2021-03-08 09:25:58', 2, 14, 7),
(7, '2021-03-08 09:25:58', 2, 207, 165),
(8, '2021-03-08 09:25:58', 2, 247, 148),
(9, '2021-03-08 09:25:59', 2, 271, 216),
(12, '2021-03-08 09:25:59', 2, 0, 0),
(13, '2021-03-08 09:25:59', 2, 10, 0),
(3, '2021-03-08 09:25:59', 2, 30, 4),
(5, '2021-03-08 09:25:59', 2, 16, 1),
(7, '2021-03-08 09:25:59', 2, 205, 79),
(8, '2021-03-08 09:25:59', 2, 288, 121),
(9, '2021-03-08 09:25:59', 2, 320, 215),
(12, '2021-03-08 09:25:59', 2, 0, 0),
(13, '2021-03-08 09:25:59', 2, 8, 8),
(3, '2021-03-08 09:25:59', 2, 29, 4),
(5, '2021-03-08 09:25:59', 2, 17, 7),
(7, '2021-03-08 09:25:59', 2, 212, 97),
(8, '2021-03-08 09:25:59', 2, 260, 233),
(9, '2021-03-08 09:25:59', 2, 295, 65),
(12, '2021-03-08 09:25:59', 2, 0, 0),
(13, '2021-03-08 09:25:59', 2, 10, 4),
(3, '2021-03-08 09:25:59', 2, 28, 27),
(5, '2021-03-08 09:25:59', 2, 16, 0),
(7, '2021-03-08 09:25:59', 2, 184, 83),
(8, '2021-03-08 09:25:59', 2, 287, 64),
(9, '2021-03-08 09:25:59', 2, 274, 107),
(12, '2021-03-08 09:25:59', 2, 0, 0),
(13, '2021-03-08 09:25:59', 2, 8, 2),
(3, '2021-03-08 09:25:59', 2, 30, 12),
(5, '2021-03-08 09:25:59', 2, 17, 3),
(7, '2021-03-08 09:25:59', 2, 204, 104),
(8, '2021-03-08 09:25:59', 2, 285, 24),
(9, '2021-03-08 09:25:59', 2, 320, 229),
(12, '2021-03-08 09:25:59', 2, 0, 0),
(13, '2021-03-08 09:25:59', 2, 8, 3),
(3, '2021-03-08 09:25:59', 2, 28, 16),
(5, '2021-03-08 09:25:59', 2, 17, 7),
(7, '2021-03-08 09:25:59', 2, 189, 179),
(8, '2021-03-08 09:25:59', 2, 246, 144),
(9, '2021-03-08 09:25:59', 2, 279, 270),
(12, '2021-03-08 09:25:59', 2, 0, 0),
(13, '2021-03-08 09:25:59', 2, 9, 1),
(3, '2021-03-08 09:25:59', 2, 30, 12),
(5, '2021-03-08 09:25:59', 2, 15, 12),
(7, '2021-03-08 09:25:59', 2, 181, 15),
(8, '2021-03-08 09:25:59', 2, 253, 162),
(9, '2021-03-08 09:25:59', 2, 279, 81),
(12, '2021-03-08 09:25:59', 2, 0, 0),
(13, '2021-03-08 09:25:59', 2, 9, 7),
(3, '2021-03-08 09:25:59', 2, 29, 5),
(5, '2021-03-08 09:25:59', 2, 16, 11),
(7, '2021-03-08 09:25:59', 2, 215, 0),
(8, '2021-03-08 09:25:59', 2, 279, 132),
(9, '2021-03-08 09:25:59', 2, 282, 3),
(12, '2021-03-08 09:25:59', 2, 0, 0),
(13, '2021-03-08 09:25:59', 2, 9, 6),
(3, '2021-03-08 09:25:59', 2, 31, 14),
(5, '2021-03-08 09:25:59', 2, 15, 1),
(7, '2021-03-08 09:25:59', 2, 188, 1),
(8, '2021-03-08 09:25:59', 2, 273, 246),
(9, '2021-03-08 09:25:59', 2, 322, 13),
(12, '2021-03-08 09:25:59', 2, 0, 0),
(13, '2021-03-08 09:25:59', 2, 9, 0),
(3, '2021-03-08 09:25:59', 2, 31, 20),
(5, '2021-03-08 09:25:59', 2, 16, 11),
(7, '2021-03-08 09:25:59', 2, 185, 170),
(8, '2021-03-08 09:25:59', 2, 275, 41),
(9, '2021-03-08 09:25:59', 2, 314, 84),
(12, '2021-03-08 09:25:59', 2, 0, 0),
(13, '2021-03-08 09:25:59', 2, 10, 0),
(3, '2021-03-08 09:25:59', 2, 32, 22),
(5, '2021-03-08 09:25:59', 2, 18, 13),
(7, '2021-03-08 09:25:59', 2, 213, 62),
(8, '2021-03-08 09:25:59', 2, 243, 79),
(9, '2021-03-08 09:25:59', 2, 269, 278),
(12, '2021-03-08 09:25:59', 2, 0, 0),
(13, '2021-03-08 09:25:59', 2, 10, 1),
(3, '2021-03-08 09:25:59', 2, 29, 12),
(5, '2021-03-08 09:25:59', 2, 17, 0),
(7, '2021-03-08 09:25:59', 2, 184, 111),
(8, '2021-03-08 09:25:59', 2, 292, 131),
(9, '2021-03-08 09:25:59', 2, 301, 34),
(12, '2021-03-08 09:25:59', 2, 0, 0),
(13, '2021-03-08 09:25:59', 2, 8, 3),
(3, '2021-03-08 09:25:59', 2, 27, 7),
(5, '2021-03-08 09:25:59', 2, 16, 2),
(7, '2021-03-08 09:25:59', 2, 180, 162),
(8, '2021-03-08 09:25:59', 2, 282, 47),
(9, '2021-03-08 09:25:59', 2, 308, 115),
(12, '2021-03-08 09:25:59', 2, 0, 0),
(13, '2021-03-08 09:25:59', 2, 9, 4),
(3, '2021-03-08 09:25:59', 2, 28, 22),
(5, '2021-03-08 09:25:59', 2, 14, 1),
(7, '2021-03-08 09:25:59', 2, 213, 26),
(8, '2021-03-08 09:25:59', 2, 276, 82),
(9, '2021-03-08 09:25:59', 2, 268, 144),
(12, '2021-03-08 09:25:59', 2, 0, 0),
(13, '2021-03-08 09:25:59', 2, 10, 8),
(3, '2021-03-08 09:25:59', 2, 27, 30),
(5, '2021-03-08 09:25:59', 2, 16, 16),
(7, '2021-03-08 09:25:59', 2, 202, 124),
(8, '2021-03-08 09:25:59', 2, 253, 23),
(9, '2021-03-08 09:25:59', 2, 314, 122),
(12, '2021-03-08 09:25:59', 2, 0, 0),
(13, '2021-03-08 09:25:59', 2, 9, 2),
(3, '2021-03-08 09:25:59', 2, 33, 16),
(5, '2021-03-08 09:25:59', 2, 18, 4),
(7, '2021-03-08 09:25:59', 2, 179, 186),
(8, '2021-03-08 09:25:59', 2, 261, 177),
(9, '2021-03-08 09:25:59', 2, 302, 165),
(12, '2021-03-08 09:25:59', 2, 0, 0),
(13, '2021-03-08 09:25:59', 2, 9, 3),
(3, '2021-03-08 09:25:59', 2, 32, 3),
(5, '2021-03-08 09:25:59', 2, 17, 7),
(7, '2021-03-08 09:25:59', 2, 185, 116),
(8, '2021-03-08 09:25:59', 2, 244, 51),
(9, '2021-03-08 09:25:59', 2, 295, 275),
(12, '2021-03-08 09:25:59', 2, 0, 0),
(13, '2021-03-08 09:25:59', 2, 10, 2),
(3, '2021-03-08 09:25:59', 2, 30, 22),
(5, '2021-03-08 09:25:59', 2, 14, 9),
(7, '2021-03-08 09:25:59', 2, 189, 160),
(8, '2021-03-08 09:25:59', 2, 266, 235),
(9, '2021-03-08 09:25:59', 2, 322, 63),
(12, '2021-03-08 09:25:59', 2, 0, 0),
(13, '2021-03-08 09:25:59', 2, 9, 5),
(3, '2021-03-08 09:25:59', 2, 28, 14),
(5, '2021-03-08 09:25:59', 2, 15, 6),
(7, '2021-03-08 09:25:59', 2, 216, 30),
(8, '2021-03-08 09:25:59', 2, 270, 246),
(9, '2021-03-08 09:25:59', 2, 271, 50),
(12, '2021-03-08 09:25:59', 2, 0, 0),
(13, '2021-03-08 09:25:59', 2, 9, 3),
(3, '2021-03-08 09:25:59', 2, 30, 13),
(5, '2021-03-08 09:25:59', 2, 14, 11),
(7, '2021-03-08 09:25:59', 2, 194, 4),
(8, '2021-03-08 09:25:59', 2, 283, 63),
(9, '2021-03-08 09:25:59', 2, 283, 207),
(12, '2021-03-08 09:25:59', 2, 0, 0),
(13, '2021-03-08 09:25:59', 2, 9, 3),
(3, '2021-03-08 09:25:59', 2, 27, 23),
(5, '2021-03-08 09:25:59', 2, 17, 3),
(7, '2021-03-08 09:25:59', 2, 193, 147),
(8, '2021-03-08 09:25:59', 2, 256, 66),
(9, '2021-03-08 09:25:59', 2, 321, 261),
(12, '2021-03-08 09:25:59', 2, 0, 0),
(13, '2021-03-08 09:25:59', 2, 9, 8),
(3, '2021-03-08 09:25:59', 2, 31, 9),
(5, '2021-03-08 09:25:59', 2, 15, 0),
(7, '2021-03-08 09:25:59', 2, 194, 54),
(8, '2021-03-08 09:25:59', 2, 288, 257),
(9, '2021-03-08 09:25:59', 2, 322, 199),
(12, '2021-03-08 09:25:59', 2, 0, 0),
(13, '2021-03-08 09:25:59', 2, 8, 5),
(3, '2021-03-08 09:25:59', 2, 30, 18),
(5, '2021-03-08 09:25:59', 2, 14, 2),
(7, '2021-03-08 09:25:59', 2, 194, 61),
(8, '2021-03-08 09:25:59', 2, 248, 18),
(9, '2021-03-08 09:25:59', 2, 271, 38),
(12, '2021-03-08 09:25:59', 2, 0, 0),
(13, '2021-03-08 09:25:59', 2, 9, 9),
(3, '2021-03-08 09:25:59', 2, 27, 11),
(5, '2021-03-08 09:25:59', 2, 15, 9),
(7, '2021-03-08 09:25:59', 2, 190, 156),
(8, '2021-03-08 09:25:59', 2, 280, 27),
(9, '2021-03-08 09:25:59', 2, 320, 33),
(12, '2021-03-08 09:25:59', 2, 0, 0),
(13, '2021-03-08 09:25:59', 2, 9, 7),
(3, '2021-03-08 09:25:59', 2, 32, 10),
(5, '2021-03-08 09:25:59', 2, 17, 11),
(7, '2021-03-08 09:25:59', 2, 191, 146),
(8, '2021-03-08 09:25:59', 2, 258, 239),
(9, '2021-03-08 09:25:59', 2, 322, 269),
(12, '2021-03-08 09:25:59', 2, 0, 0),
(13, '2021-03-08 09:25:59', 2, 10, 0),
(3, '2021-03-08 09:25:59', 2, 33, 12),
(5, '2021-03-08 09:25:59', 2, 18, 15),
(7, '2021-03-08 09:25:59', 2, 191, 136),
(8, '2021-03-08 09:25:59', 2, 269, 98),
(9, '2021-03-08 09:25:59', 2, 294, 114),
(12, '2021-03-08 09:25:59', 2, 0, 0),
(13, '2021-03-08 09:25:59', 2, 9, 5),
(3, '2021-03-08 09:25:59', 2, 31, 15),
(5, '2021-03-08 09:25:59', 2, 16, 13),
(7, '2021-03-08 09:25:59', 2, 193, 138),
(8, '2021-03-08 09:25:59', 2, 256, 12),
(9, '2021-03-08 09:25:59', 2, 290, 148),
(12, '2021-03-08 09:25:59', 2, 0, 0),
(13, '2021-03-08 09:25:59', 2, 8, 2),
(3, '2021-03-08 09:25:59', 2, 28, 22),
(5, '2021-03-08 09:25:59', 2, 16, 4),
(7, '2021-03-08 09:25:59', 2, 194, 7),
(8, '2021-03-08 09:25:59', 2, 253, 87),
(9, '2021-03-08 09:25:59', 2, 319, 56),
(12, '2021-03-08 09:25:59', 2, 0, 0),
(13, '2021-03-08 09:25:59', 2, 10, 8),
(3, '2021-03-08 09:25:59', 2, 32, 19),
(5, '2021-03-08 09:25:59', 2, 14, 0),
(7, '2021-03-08 09:25:59', 2, 213, 14),
(8, '2021-03-08 09:25:59', 2, 254, 16),
(9, '2021-03-08 09:25:59', 2, 275, 214),
(12, '2021-03-08 09:25:59', 2, 0, 0),
(13, '2021-03-08 09:25:59', 2, 8, 1),
(3, '2021-03-08 09:25:59', 2, 33, 26),
(5, '2021-03-08 09:25:59', 2, 17, 7),
(7, '2021-03-08 09:25:59', 2, 187, 40),
(8, '2021-03-08 09:25:59', 2, 264, 15),
(9, '2021-03-08 09:25:59', 2, 323, 3),
(12, '2021-03-08 09:25:59', 2, 0, 0),
(13, '2021-03-08 09:25:59', 2, 9, 1),
(3, '2021-03-08 09:25:59', 2, 29, 0),
(5, '2021-03-08 09:25:59', 2, 14, 1),
(7, '2021-03-08 09:25:59', 2, 198, 107),
(8, '2021-03-08 09:25:59', 2, 253, 109),
(9, '2021-03-08 09:25:59', 2, 307, 281),
(12, '2021-03-08 09:25:59', 2, 0, 0),
(13, '2021-03-08 09:25:59', 2, 9, 9),
(3, '2021-03-08 09:25:59', 2, 30, 28),
(5, '2021-03-08 09:25:59', 2, 17, 12),
(7, '2021-03-08 09:25:59', 2, 207, 71),
(8, '2021-03-08 09:25:59', 2, 270, 253),
(9, '2021-03-08 09:25:59', 2, 267, 45),
(12, '2021-03-08 09:25:59', 2, 0, 0),
(13, '2021-03-08 09:25:59', 2, 10, 2),
(3, '2021-03-08 09:25:59', 2, 32, 6),
(5, '2021-03-08 09:25:59', 2, 15, 2),
(7, '2021-03-08 09:25:59', 2, 198, 30),
(8, '2021-03-08 09:25:59', 2, 275, 67),
(9, '2021-03-08 09:25:59', 2, 282, 224),
(12, '2021-03-08 09:25:59', 2, 0, 0),
(13, '2021-03-08 09:25:59', 2, 10, 1),
(3, '2021-03-08 09:25:59', 2, 30, 15),
(5, '2021-03-08 09:25:59', 2, 14, 7),
(7, '2021-03-08 09:25:59', 2, 210, 154),
(8, '2021-03-08 09:25:59', 2, 244, 118),
(9, '2021-03-08 09:25:59', 2, 283, 164),
(12, '2021-03-08 09:25:59', 2, 0, 0),
(13, '2021-03-08 09:25:59', 2, 8, 9),
(3, '2021-03-08 09:25:59', 2, 28, 28),
(5, '2021-03-08 09:25:59', 2, 17, 13),
(7, '2021-03-08 09:25:59', 2, 182, 154),
(8, '2021-03-08 09:25:59', 2, 277, 206),
(9, '2021-03-08 09:25:59', 2, 275, 142),
(12, '2021-03-08 09:25:59', 2, 0, 0),
(13, '2021-03-08 09:25:59', 2, 10, 7),
(3, '2021-03-08 09:25:59', 2, 29, 22),
(5, '2021-03-08 09:26:00', 2, 18, 13),
(7, '2021-03-08 09:26:00', 2, 198, 120),
(8, '2021-03-08 09:26:00', 2, 284, 29),
(9, '2021-03-08 09:26:00', 2, 323, 14),
(12, '2021-03-08 09:26:00', 2, 0, 0),
(13, '2021-03-08 09:26:00', 2, 10, 2),
(3, '2021-03-08 09:26:00', 2, 28, 5),
(5, '2021-03-08 09:26:00', 2, 14, 4),
(7, '2021-03-08 09:26:00', 2, 184, 143),
(8, '2021-03-08 09:26:00', 2, 240, 131),
(9, '2021-03-08 09:26:00', 2, 289, 91),
(12, '2021-03-08 09:26:00', 2, 0, 0),
(13, '2021-03-08 09:26:00', 2, 10, 5),
(3, '2021-03-08 09:26:00', 2, 28, 14),
(5, '2021-03-08 09:26:00', 2, 18, 13),
(7, '2021-03-08 09:26:00', 2, 208, 70),
(8, '2021-03-08 09:26:00', 2, 260, 15),
(9, '2021-03-08 09:26:00', 2, 321, 78),
(12, '2021-03-08 09:26:00', 2, 0, 0),
(13, '2021-03-08 09:26:00', 2, 9, 0),
(3, '2021-03-08 09:26:00', 2, 31, 15),
(5, '2021-03-08 09:26:00', 2, 16, 2),
(7, '2021-03-08 09:26:00', 2, 207, 78),
(8, '2021-03-08 09:26:00', 2, 267, 218),
(9, '2021-03-08 09:26:00', 2, 315, 207),
(12, '2021-03-08 09:26:00', 2, 0, 0),
(13, '2021-03-08 09:26:00', 2, 8, 4),
(3, '2021-03-08 09:26:00', 2, 31, 29),
(5, '2021-03-08 09:26:00', 2, 15, 4),
(7, '2021-03-08 09:26:00', 2, 210, 27),
(8, '2021-03-08 09:26:00', 2, 270, 91),
(9, '2021-03-08 09:26:00', 2, 284, 288),
(12, '2021-03-08 09:26:00', 2, 0, 0),
(13, '2021-03-08 09:26:00', 2, 8, 3),
(3, '2021-03-08 09:26:00', 2, 29, 16),
(5, '2021-03-08 09:26:00', 2, 15, 10),
(7, '2021-03-08 09:26:00', 2, 198, 81),
(8, '2021-03-08 09:26:00', 2, 271, 204),
(9, '2021-03-08 09:26:00', 2, 283, 284),
(12, '2021-03-08 09:26:00', 2, 0, 0),
(13, '2021-03-08 09:26:00', 2, 8, 2),
(3, '2021-03-08 09:26:00', 2, 30, 11),
(5, '2021-03-08 09:26:00', 2, 18, 7),
(7, '2021-03-08 09:26:00', 2, 205, 124),
(8, '2021-03-08 09:26:00', 2, 278, 99),
(9, '2021-03-08 09:26:00', 2, 300, 148),
(12, '2021-03-08 09:26:00', 2, 0, 0),
(13, '2021-03-08 09:26:00', 2, 10, 8),
(3, '2021-03-08 09:26:00', 2, 29, 24),
(5, '2021-03-08 09:26:00', 2, 16, 5),
(7, '2021-03-08 09:26:00', 2, 203, 133),
(8, '2021-03-08 09:26:00', 2, 243, 240),
(9, '2021-03-08 09:26:00', 2, 292, 127),
(12, '2021-03-08 09:26:00', 2, 0, 0),
(13, '2021-03-08 09:26:00', 2, 9, 7),
(3, '2021-03-08 09:26:00', 2, 29, 21),
(5, '2021-03-08 09:26:00', 2, 14, 4),
(7, '2021-03-08 09:26:00', 2, 191, 65),
(8, '2021-03-08 09:26:00', 2, 241, 190),
(9, '2021-03-08 09:26:00', 2, 294, 123),
(12, '2021-03-08 09:26:00', 2, 0, 0),
(13, '2021-03-08 09:26:00', 2, 8, 7),
(3, '2021-03-08 09:26:00', 2, 33, 1),
(5, '2021-03-08 09:26:00', 2, 15, 5),
(7, '2021-03-08 09:26:00', 2, 183, 187),
(8, '2021-03-08 09:26:00', 2, 258, 216),
(9, '2021-03-08 09:26:00', 2, 317, 164),
(12, '2021-03-08 09:26:00', 2, 0, 0),
(13, '2021-03-08 09:26:00', 2, 9, 5),
(3, '2021-03-08 09:26:00', 2, 31, 17),
(5, '2021-03-08 09:26:00', 2, 14, 12),
(7, '2021-03-08 09:26:00', 2, 188, 176),
(8, '2021-03-08 09:26:00', 2, 248, 74),
(9, '2021-03-08 09:26:00', 2, 284, 289),
(12, '2021-03-08 09:26:00', 2, 0, 0),
(13, '2021-03-08 09:26:00', 2, 9, 6),
(3, '2021-03-08 09:26:00', 2, 28, 22),
(5, '2021-03-08 09:26:00', 2, 17, 16),
(7, '2021-03-08 09:26:00', 2, 187, 113),
(8, '2021-03-08 09:26:00', 2, 242, 203),
(9, '2021-03-08 09:26:00', 2, 277, 39),
(12, '2021-03-08 09:26:00', 2, 0, 0),
(13, '2021-03-08 09:26:00', 2, 10, 6),
(3, '2021-03-08 09:26:00', 2, 29, 27),
(5, '2021-03-08 09:26:00', 2, 15, 5),
(7, '2021-03-08 09:26:00', 2, 192, 153),
(8, '2021-03-08 09:26:00', 2, 251, 15),
(9, '2021-03-08 09:26:00', 2, 285, 253),
(12, '2021-03-08 09:26:00', 2, 0, 0),
(13, '2021-03-08 09:26:00', 2, 8, 3),
(3, '2021-03-08 09:26:00', 2, 28, 14),
(5, '2021-03-08 09:26:00', 2, 15, 12),
(7, '2021-03-08 09:26:00', 2, 198, 74),
(8, '2021-03-08 09:26:00', 2, 264, 66),
(9, '2021-03-08 09:26:00', 2, 273, 167),
(12, '2021-03-08 09:26:00', 2, 0, 0),
(13, '2021-03-08 09:26:00', 2, 8, 8),
(3, '2021-03-08 09:26:00', 2, 27, 25),
(5, '2021-03-08 09:26:00', 2, 15, 7),
(7, '2021-03-08 09:26:00', 2, 189, 50),
(8, '2021-03-08 09:26:00', 2, 268, 1),
(9, '2021-03-08 09:26:00', 2, 292, 242),
(12, '2021-03-08 09:26:00', 2, 0, 0),
(13, '2021-03-08 09:26:00', 2, 8, 1),
(3, '2021-03-08 09:26:00', 2, 29, 25),
(5, '2021-03-08 09:26:00', 2, 16, 16),
(7, '2021-03-08 09:26:00', 2, 214, 173),
(8, '2021-03-08 09:26:00', 2, 241, 137),
(9, '2021-03-08 09:26:00', 2, 280, 277),
(12, '2021-03-08 09:26:00', 2, 0, 0),
(13, '2021-03-08 09:26:00', 2, 9, 1),
(3, '2021-03-08 09:26:00', 2, 29, 7),
(5, '2021-03-08 09:26:00', 2, 14, 1),
(7, '2021-03-08 09:26:00', 2, 197, 20),
(8, '2021-03-08 09:26:00', 2, 257, 149),
(9, '2021-03-08 09:26:00', 2, 294, 270),
(3, '2021-03-08 09:43:38', 2, 27, 18),
(5, '2021-03-08 09:43:46', 2, 16, 9),
(7, '2021-03-08 09:43:54', 2, 217, 22),
(8, '2021-03-08 09:44:02', 2, 248, 75),
(9, '2021-03-08 09:44:10', 2, 315, 91),
(12, '2021-03-08 09:44:18', 2, 0, 0),
(13, '2021-03-08 09:44:26', 2, 10, 0),
(3, '2021-03-08 20:57:59', 2, 33, 18),
(5, '2021-03-08 20:58:07', 2, 15, 1),
(7, '2021-03-08 20:58:15', 2, 213, 127),
(8, '2021-03-08 20:58:23', 2, 272, 96),
(9, '2021-03-08 20:58:31', 2, 307, 5),
(12, '2021-03-08 20:58:39', 2, 0, 0),
(13, '2021-03-08 20:58:47', 2, 8, 5);
COMMIT;

/*!40101 SET CHARACTER_SET_CLIENT=@OLD_CHARACTER_SET_CLIENT */;
/*!40101 SET CHARACTER_SET_RESULTS=@OLD_CHARACTER_SET_RESULTS */;
/*!40101 SET COLLATION_CONNECTION=@OLD_COLLATION_CONNECTION */;
